<?xml version="1.0" encoding="UTF-8"?>
<kml xmlns="http://www.opengis.net/kml/2.2">
<Document>
    <name>PMA II</name>
    <open>1</open>
    <Style id="EstiloRota">
        <LineStyle>
            <color>9f0000ff</color>
            <width>1</width>
        </LineStyle>
        <PolyStyle>
            <fill>0</fill>
        </PolyStyle>
    </Style>
    <Style id="EstiloWpt">
        <LineStyle>
            <color>ffffffff</color>
            <width>6</width>
        </LineStyle>
    </Style>
    <Style id="EstiloPSPNPD">
        <LineStyle>
            <color>ff0077ff</color>
            <width>6</width>
        </LineStyle>
    </Style>
    <Style id="EstiloRefPt">
        <LineStyle>
            <color>ff007700</color>
            <width>6</width>
        </LineStyle>
    </Style>
    <Placemark>
        <name>Rota 1</name>
        <visibility>1</visibility>
        <styleUrl>#EstiloRota</styleUrl>
        <LineString>
            <extrude>1</extrude>
            <altitudeMode>absolute</altitudeMode>
            <coordinates>
-54.6734020019446,-20.4703498734532,556.328785091538
-54.6732040410161,-20.4701426800925,556.836785209517
-54.673006080619,-20.4699354865014,557.344785327496
-54.6728081207532,-20.4697282926799,557.852785445475
-54.6726101614186,-20.4695210986281,558.360785563454
-54.6724122026154,-20.469313904346,558.868785681433
-54.6722142443434,-20.4691067098335,559.376785799411
-54.6720162866027,-20.4688995150907,559.88478591739
-54.6718183293933,-20.4686923201176,560.392786035369
-54.6716203727151,-20.4684851249141,560.900786153348
-54.6714224165682,-20.4682779294803,561.408786271327
-54.6712244609526,-20.4680707338162,561.916786389306
-54.6710265058682,-20.4678635379218,562.424786507285
-54.670828551315,-20.467656341797,562.932786625264
-54.6706305972931,-20.4674491454419,563.440786743243
-54.6704326438023,-20.4672419488565,563.948786861222
-54.6702346908428,-20.4670347520408,564.456786979201
-54.6700367384146,-20.4668275549948,564.96478709718
-54.6698387865175,-20.4666203577185,565.472787215159
-54.6696408351516,-20.4664131602119,565.980787333137
-54.6694428843169,-20.4662059624751,566.488787451116
-54.6692449340133,-20.4659987645079,566.996787569095
-54.669046984241,-20.4657915663104,567.504787687074
-54.6688490349998,-20.4655843678826,568.012787805053
-54.6686510862898,-20.4653771692246,568.520787923032
-54.668453138111,-20.4651699703362,569.028788041011
-54.6682551904632,-20.4649627712176,569.53678815899
-54.6680572433467,-20.4647555718688,570.044788276969
-54.6678592967613,-20.4645483722896,570.552788394948
-54.667661350707,-20.4643411724802,571.060788512927
-54.6674634051838,-20.4641339724405,571.568788630905
-54.6672654601917,-20.4639267721706,572.076788748884
-54.6670675157308,-20.4637195716704,572.584788866863
-54.6668695718009,-20.4635123709399,573.092788984842
-54.6666716284022,-20.4633051699792,573.600789102821
-54.6664736855345,-20.4630979687882,574.1087892208
-54.6662757431979,-20.462890767367,574.616789338779
-54.6660778013924,-20.4626835657156,575.124789456758
-54.665879860118,-20.4624763638339,575.632789574737
-54.6656819193746,-20.462269161722,576.140789692716
-54.6654839791623,-20.4620619593798,576.648789810695
-54.665286039481,-20.4618547568074,577.156789928674
-54.6650881003308,-20.4616475540048,577.664790046652
-54.6648901617116,-20.461440350972,578.172790164631
-54.6646922236234,-20.4612331477089,578.68079028261
-54.6644942860663,-20.4610259442156,579.188790400589
-54.6642963490402,-20.4608187404921,579.696790518568
-54.6640984125451,-20.4606115365384,580.204790636547
-54.6639004765809,-20.4604043323545,580.712790754526
-54.6637025411478,-20.4601971279404,581.220790872505
-54.6635046062457,-20.4599899232961,581.728790990484
-54.6633066718745,-20.4597827184216,582.236791108463
-54.6631087380344,-20.4595755133168,582.744791226442
-54.6629108047252,-20.4593683079819,583.252791344421
-54.6627128719469,-20.4591611024168,583.7607914624
-54.6625149396996,-20.4589538966215,584.268791580378
-54.6623170079833,-20.4587466905961,584.776791698357
-54.6621190767979,-20.4585394843404,585.284791816336
-54.6619211461434,-20.4583322778546,585.792791934315
-54.6617232160199,-20.4581250711386,586.300792052294
-54.6615252836507,-20.4579178612866,586.808785045208
-54.661096195905,-20.4575348000778,586.808785045208
-54.6606082004539,-20.4572205573366,586.808785045208
-54.6600735939687,-20.456983051258,586.808785045208
-54.6595058474017,-20.4568282664181,586.808785045208
-54.6589192665952,-20.4567601030046,586.808785045208
-54.6583286318722,-20.4567802785598,586.808785045208
-54.6577488256831,-20.456888284712,586.808785045208
-54.6571944576821,-20.4570813999823,586.808785045208
-54.65667949667,-20.4573547583457,586.808785045208
-54.65621691867,-20.4577014718204,586.808785045208
-54.6558183799957,-20.4581128039985,586.808785045208
-54.6554939235452,-20.4585783901506,586.808785045208
-54.6552517257205,-20.4590864983606,586.808785045208
-54.65509789035,-20.459624325117,586.808785045208
-54.6550362948104,-20.4601783179143,586.808785045208
-54.655068492234,-20.4607345167409,586.808785045208
-54.6551936722727,-20.4612789058481,586.808785045208
-54.6554086814182,-20.4617977669398,586.808785045208
-54.6557081023757,-20.4622780248799,586.808785045208
-54.6562203998028,-20.4628822976492,587.278943564392
-54.6568774944223,-20.463636440484,588.18903007474
-54.6575345954588,-20.4643905807705,589.099116585087
-54.6581917029124,-20.4651447185085,590.009203095434
-54.6588488167836,-20.4658988536979,590.919289605781
-54.6595059370725,-20.4666529863386,591.829376116128
-54.6601630637796,-20.4674071164305,592.739462626475
-54.660820196905,-20.4681612439733,593.649549136822
-54.6614773364492,-20.4689153689671,594.559635647169
-54.6621344824124,-20.4696694914116,595.469722157517
-54.6627916347948,-20.4704236113068,596.379808667864
-54.6634487935968,-20.4711777286525,597.289895178211
-54.6641059588188,-20.4719318434485,598.199981688558
-54.6647631304609,-20.4726859556949,599.110068198905
-54.6654203085235,-20.4734400653914,600.020154709252
-54.666077493007,-20.4741941725379,600.930241219599
-54.6667346839115,-20.4749482771343,601.840327729946
-54.6673918812374,-20.4757023791805,602.750414240294
-54.668049084985,-20.4764564786763,603.660500750641
-54.6687062951546,-20.4772105756217,604.570587260988
-54.6693635117464,-20.4779646700164,605.480673771335
-54.6700207347609,-20.4787187618604,606.390760281682
-54.6706779641983,-20.4794728511536,607.300846792029
-54.6713352000588,-20.4802269378957,608.210933302376
-54.6719924423428,-20.4809810220868,609.121019812723
-54.6726496910506,-20.4817351037266,610.031106323071
-54.6733069461825,-20.482489182815,610.941192833418
-54.6739642077388,-20.483243259352,611.851279343765
-54.6746214757198,-20.4839973333374,612.761365854112
-54.6752787501257,-20.484751404771,613.671452364459
-54.675936030957,-20.4855054736528,614.581538874806
-54.6765933182138,-20.4862595399825,615.491625385153
-54.6772506118965,-20.4870136037602,616.401711895501
-54.6779079120054,-20.4877676649856,617.311798405848
-54.6785652185407,-20.4885217236587,618.221884916195
-54.6792225315029,-20.4892757797793,619.131971426542
-54.6798798508921,-20.4900298333472,620.042057936889
-54.6805371767087,-20.4907838843625,620.952144447236
-54.681194508953,-20.4915379328248,621.862230957583
-54.6818518476252,-20.4922919787342,622.77231746793
-54.6825091927258,-20.4930460220904,623.682403978278
-54.6831665442549,-20.4938000628935,624.592490488625
-54.6838239022129,-20.4945541011431,625.502576998972
-54.6844812666,-20.4953081368393,626.412663509319
-54.6851386374167,-20.4960621699818,627.322750019666
-54.6857960146631,-20.4968162005706,628.232836530013
-54.6864533983396,-20.4975702286055,629.14292304036
-54.6871107884464,-20.4983242540865,630.053009550707
-54.687768184984,-20.4990782770133,630.963096061055
-54.6884255879525,-20.4998322973859,631.873182571402
-54.6890829973523,-20.5005863152041,632.783269081749
-54.6897404131836,-20.5013403304678,633.693355592096
-54.6903978354468,-20.5020943431769,634.603442102443
-54.6910552641422,-20.5028483533312,635.51352861279
-54.6917126992701,-20.5036023609307,636.423615123137
-54.6923701408307,-20.5043563659751,637.333701633484
-54.6930275888244,-20.5051103684645,638.243788143832
-54.6936850432515,-20.5058643683986,639.153874654179
-54.6943425041122,-20.5066183657773,640.063961164526
-54.694999971407,-20.5073723606006,640.974047674873
-54.6956574451359,-20.5081263528682,641.88413418522
-54.6963149252995,-20.50888034258,642.794220695567
-54.6969724118979,-20.509634329736,643.704307205914
-54.6976299049315,-20.510388314336,644.614393716261
-54.6982874044005,-20.5111422963798,645.524480226609
-54.6989449103053,-20.5118962758674,646.434566736956
-54.6996024226462,-20.5126502527987,647.344653247303
-54.7002599414234,-20.5134042271734,648.25473975765
-54.7009174666373,-20.5141581989915,649.164826267997
-54.7015749982882,-20.5149121682528,650.074912778344
-54.7022325363764,-20.5156661349573,650.984999288691
-54.702890080902,-20.5164200991047,651.895085799038
-54.7035476318656,-20.5171740606951,652.805172309386
-54.7042051892673,-20.5179280197281,653.715258819733
-54.7048627531075,-20.5186819762038,654.62534533008
-54.7055203233865,-20.519435930122,655.535431840427
-54.7061779001045,-20.5201898814825,656.445518350774
-54.7068354832618,-20.5209438302853,657.355604861121
-54.7074930728589,-20.5216977765302,658.265691371468
-54.7081506688959,-20.5224517202171,659.175777881815
-54.7088082713731,-20.5232056613459,660.085864392163
-54.7094658802909,-20.5239595999164,660.99595090251
-54.7101234956496,-20.5247135359285,661.906037412857
-54.7107811174494,-20.5254674693821,662.816123923204
-54.7114387456907,-20.5262214002771,663.726210433551
-54.7120963803738,-20.5269753286133,664.636296943898
-54.7127540214989,-20.5277292543906,665.546383454245
-54.7134116690664,-20.5284831776089,666.456469964592
-54.7140693230765,-20.529237098268,667.36655647494
-54.7147269835296,-20.5299910163679,668.276642985287
-54.7153846504259,-20.5307449319085,669.186729495634
-54.7160423237658,-20.5314988448894,670.096816005981
-54.7167000035496,-20.5322527553108,671.006902516328
-54.7173576897775,-20.5330066631724,671.916989026675
-54.7180153824499,-20.5337605684741,672.827075537022
-54.718673081567,-20.5345144712157,673.737162047369
-54.7193307871292,-20.5352683713972,674.647248557717
-54.7199884991367,-20.5360222690185,675.557335068064
-54.72064621759,-20.5367761640793,676.467421578411
-54.7213039424891,-20.5375300565797,677.377508088758
-54.7219616738345,-20.5382839465194,678.287594599105
-54.7226194116265,-20.5390378338983,679.197681109452
-54.7232771558653,-20.5397917187163,680.107767619799
-54.7239349065513,-20.5405456009733,681.017854130146
-54.7245926636847,-20.5412994806691,681.927940640494
-54.7252504272659,-20.5420533578037,682.838027150841
-54.7259081972952,-20.5428072323769,683.748113661188
-54.7265659737728,-20.5435611043885,684.658200171535
-54.727223756699,-20.5443149738385,685.568286681882
-54.7278815460743,-20.5450688407267,686.478373192229
-54.7285393418987,-20.545822705053,687.388459702576
-54.7291971441727,-20.5465765668173,688.298546212923
-54.7298549528966,-20.5473304260194,689.208632723271
-54.7305127680707,-20.5480842826593,690.118719233618
-54.7311705896951,-20.5488381367367,691.028805743965
-54.7318284177704,-20.5495919882516,691.938892254312
-54.7324862522967,-20.5503458372039,692.848978764659
-54.7331440932743,-20.5510996835933,693.759065275006
-54.7338019407036,-20.5518535274199,694.669151785353
-54.7344597945849,-20.5526073686834,695.579238295701
-54.7351176549184,-20.5533612073838,696.489324806048
-54.7357755217045,-20.5541150435209,697.399411316395
-54.7364333949434,-20.5548688770945,698.309497826742
-54.7370912746355,-20.5556227081046,699.219584337089
-54.737749160781,-20.5563765365511,700.129670847436
-54.7384070533803,-20.5571303624338,701.039757357783
-54.7390649524336,-20.5578841857525,701.94984386813
-54.7397228579413,-20.5586380065073,702.859930378478
-54.7403807699037,-20.5593918246978,703.770016888825
-54.741038688321,-20.5601456403241,704.680103399172
-54.7416966131935,-20.5608994533859,705.590189909519
-54.7423545445216,-20.5616532638832,706.500276419866
-54.7430124823056,-20.5624070718158,707.410362930213
-54.7436704265457,-20.5631608771837,708.32044944056
-54.7443283772423,-20.5639146799866,709.230535950907
-54.7449863343956,-20.5646684802245,710.140622461255
-54.745644298006,-20.5654222778972,711.050708971602
-54.7463022680737,-20.5661760730046,711.960795481949
-54.7469602445991,-20.5669298655465,712.870881992296
-54.7476182275825,-20.5676836555229,713.780968502643
-54.7482762170241,-20.5684374429337,714.69105501299
-54.7489342129242,-20.5691912277787,715.601141523337
-54.7495922152832,-20.5699450100577,716.511228033684
-54.7502502241014,-20.5706987897706,717.421314544032
-54.750908239379,-20.5714525669174,718.331401054379
-54.7515662611164,-20.5722063414979,719.241487564726
-54.7522242893138,-20.572960113512,720.151574075073
-54.7528823239716,-20.5737138829595,721.06166058542
-54.75354036509,-20.5744676498403,721.971747095767
-54.7541984126694,-20.5752214141543,722.881833606114
-54.7548564667101,-20.5759751759014,723.791920116461
-54.7555145272123,-20.5767289350814,724.702006626809
-54.7561725941764,-20.5774826916942,725.612093137156
-54.7568306676026,-20.5782364457398,726.522179647503
-54.7574887474913,-20.5789901972178,727.43226615785
-54.7581468338427,-20.5797439461284,728.342352668197
-54.7588049266572,-20.5804976924712,729.252439178544
-54.7594630259351,-20.5812514362462,730.162525688891
-54.7601211316766,-20.5820051774533,731.072612199239
-54.7607792438821,-20.5827589160923,731.982698709586
-54.7614373625518,-20.5835126521632,732.892785219933
-54.7620954876861,-20.5842663856657,733.80287173028
-54.7627536192852,-20.5850201165997,734.712958240627
-54.7634117573495,-20.5857738449652,735.623044750974
-54.7640699018793,-20.586527570762,736.533131261321
-54.7647280528748,-20.58728129399,737.443217771668
-54.7653862103364,-20.588035014649,738.353304282016
-54.7660443742643,-20.588788732739,739.263390792363
-54.7667025446589,-20.5895424482597,740.17347730271
-54.7673607215205,-20.5902961612112,741.083563813057
-54.7680189048493,-20.5910498715932,741.993650323404
-54.7686770946457,-20.5918035794056,742.903736833751
-54.7693352909099,-20.5925572846483,743.813823344098
-54.7699934936423,-20.5933109873212,744.723909854445
-54.7706517028432,-20.5940646874241,745.633996364792
-54.7713099185128,-20.5948183849569,746.54408287514
-54.7719681406515,-20.5955720799196,747.454169385487
-54.7726263692596,-20.5963257723119,748.364255895834
-54.7732846043373,-20.5970794621337,749.274342406181
-54.773942845885,-20.597833149385,750.184428916528
-54.7746010939029,-20.5985868340656,751.094515426875
-54.7752593483915,-20.5993405161753,752.004601937222
-54.7759176093508,-20.600094195714,752.91468844757
-54.7765758767814,-20.6008478726817,753.824774957917
-54.7772341506834,-20.6016015470782,754.734861468264
-54.7778924310571,-20.6023552189033,755.644947978611
-54.778550717903,-20.603108888157,756.555034488958
-54.7792090112212,-20.603862554839,757.465120999305
-54.7798673110121,-20.6046162189494,758.375207509652
-54.7805256172759,-20.6053698804879,759.285294019999
-54.781183930013,-20.6061235394544,760.195380530346
-54.7818422492237,-20.6068771958489,761.105467040694
-54.7825005749082,-20.6076308496711,762.015553551041
-54.7831589071059,-20.6083845009654,762.925640061388
-54.7838172457393,-20.609138149643,763.835726571735
-54.7844755908474,-20.6098917957481,764.745813082082
-54.7851339424306,-20.6106454392804,765.655899592429
-54.7857923004892,-20.6113990802398,766.565986102776
-54.7864506650235,-20.6121527186263,767.476072613124
-54.7871090360337,-20.6129063544397,768.386159123471
-54.7877674135202,-20.6136599876798,769.296245633818
-54.7884257974833,-20.6144136183466,770.206332144165
-54.7890841879233,-20.6151672464399,771.116418654512
-54.7897425848404,-20.6159208719596,772.026505164859
-54.790400988235,-20.6166744949056,772.936591675206
-54.7910593981074,-20.6174281152777,773.846678185553
-54.7917178144578,-20.6181817330758,774.756764695901
-54.7923762372867,-20.6189353482999,775.666851206248
-54.7930346665942,-20.6196889609496,776.576937716595
-54.7936931023806,-20.620442571025,777.487024226942
-54.7943515446464,-20.621196178526,778.397110737289
-54.7950099933917,-20.6219497834523,779.307197247636
-54.795668448617,-20.6227033858039,780.217283757983
-54.7963269103223,-20.6234569855806,781.12737026833
-54.7969853785082,-20.6242105827823,782.037456778678
-54.7976438531749,-20.6249641774089,782.947543289025
-54.7983023343226,-20.6257177694602,783.857629799372
-54.7989608219517,-20.6264713589362,784.767716309719
-54.7996193160625,-20.6272249458367,785.677802820066
-54.8002778166553,-20.6279785301615,786.587889330413
-54.8009363237304,-20.6287321119106,787.49797584076
-54.801594837288,-20.6294856910839,788.408062351107
-54.8022533573286,-20.6302392676811,789.318148861455
-54.8029118838523,-20.6309928417022,790.228235371802
-54.8035704168595,-20.631746413147,791.138321882149
-54.8042289563505,-20.6324999820155,792.048408392496
-54.8048875023255,-20.6332535483075,792.958494902843
-54.805546054785,-20.6340071120228,793.86858141319
-54.8062046137292,-20.6347606731614,794.778667923537
-54.8068631791583,-20.6355142317231,795.688754433884
-54.8075217510728,-20.6362677877077,796.598840944232
-54.8081803294728,-20.6370213411153,797.508927454579
-54.8088389143587,-20.6377748919456,798.419013964926
-54.8094975057308,-20.6385284401985,799.329100475273
-54.8101561035894,-20.6392819858738,800.23918698562
-54.8108147079348,-20.6400355289716,801.149273495967
-54.8114733187673,-20.6407890694915,802.059360006314
-54.8121319360872,-20.6415426074336,802.969446516661
-54.8127905598947,-20.6422961427977,803.879533027009
-54.8134491901903,-20.6430496755836,804.789619537356
-54.8141078269742,-20.6438032057912,805.699706047703
-54.8147664702467,-20.6445567334205,806.60979255805
-54.815425120008,-20.6453102584712,807.519879068397
-54.8160837762586,-20.6460637809433,808.429965578744
-54.8167424389987,-20.6468173008365,809.340052089091
-54.8174011082285,-20.6475708181509,810.250138599439
-54.8180597839485,-20.6483243328863,811.160225109786
-54.8187184661589,-20.6490778450425,812.070311620133
-54.8193771548599,-20.6498313546194,812.98039813048
-54.820035850052,-20.6505848616169,813.890484640827
-54.8206945517354,-20.6513383660349,814.800571151174
-54.8213532599104,-20.6520918678733,815.710657661521
-54.8220119745773,-20.6528453671318,816.620744171868
-54.8226706957364,-20.6535988638104,817.530830682216
-54.823329423388,-20.654352357909,818.440917192563
-54.8239881575324,-20.6551058494274,819.35100370291
-54.82464689817,-20.6558593383656,820.261090213257
-54.8253056453009,-20.6566128247233,821.171176723604
-54.8259643989255,-20.6573663085005,822.081263233951
-54.8266231590442,-20.658119789697,822.991349744298
-54.8272819256572,-20.6588732683127,823.901436254645
-54.8279406987648,-20.6596267443475,824.811522764993
-54.8285994783673,-20.6603802178012,825.72160927534
-54.829258264465,-20.6611336886738,826.631695785687
-54.8299170570582,-20.6618871569651,827.541782296034
-54.8305758561473,-20.6626406226749,828.451868806381
-54.8312346617325,-20.6633940858032,829.361955316728
-54.8318934738141,-20.6641475463498,830.272041827075
-54.8325522923924,-20.6649010043146,831.182128337422
-54.8332111174677,-20.6656544596975,832.09221484777
-54.8338699490404,-20.6664079124983,833.002301358117
-54.8345287871106,-20.667161362717,833.912387868464
-54.8351876316788,-20.6679148103533,834.822474378811
-54.8358464827453,-20.6686682554072,835.732560889158
-54.8365053403102,-20.6694216978785,836.642647399505
-54.837164204374,-20.6701751377672,837.552733909852
-54.8378230749369,-20.670928575073,838.462820420199
-54.8384819519993,-20.6716820097959,839.372906930547
-54.8391408355613,-20.6724354419357,840.282993440894
-54.8397997256234,-20.6731888714923,841.193079951241
-54.8404586221859,-20.6739422984656,842.103166461588
-54.8411175252489,-20.6746957228555,843.013252971935
-54.8417764348129,-20.6754491446617,843.923339482282
-54.8424353508782,-20.6762025638843,844.833425992629
-54.8430942734449,-20.6769559805231,845.743512502976
-54.8437532025136,-20.6777093945779,846.653599013324
-54.8444121380843,-20.6784628060486,847.563685523671
-54.8450710801575,-20.6792162149351,848.473772034018
-54.8457300287334,-20.6799696212373,849.383858544365
-54.8463889838124,-20.6807230249551,850.293945054712
-54.8470479453947,-20.6814764260882,851.204031565059
-54.8477069134806,-20.6822298246367,852.114118075406
-54.8483658880705,-20.6829832206003,853.024204585753
-54.8490248691647,-20.6837366139789,853.934291096101
-54.8496838567634,-20.6844900047725,854.844377606448
-54.8503428508669,-20.6852433929808,855.754464116795
-54.8510018514756,-20.6859967786038,856.664550627142
-54.8516608585897,-20.6867501616413,857.574637137489
-54.8523198722096,-20.6875035420933,858.484723647836
-54.8529788923356,-20.6882569199595,859.394810158183
-54.8536379189679,-20.6890102952399,860.30489666853
-54.8542969521068,-20.6897636679343,861.214983178878
-54.8549559917527,-20.6905170380426,862.125069689225
-54.8556150379059,-20.6912704055646,863.035156199572
-54.8562740905666,-20.6920237705004,863.945242709919
-54.8569331497352,-20.6927771328496,864.855329220266
-54.8575922154119,-20.6935304926123,865.765415730613
-54.8582512875971,-20.6942838497882,866.67550224096
-54.8589103662911,-20.6950372043772,867.585588751307
-54.8595694514941,-20.6957905563793,868.495675261655
-54.8602285432065,-20.6965439057942,869.405761772002
-54.8608876414285,-20.697297252622,870.315848282349
-54.8615467461606,-20.6980505968623,871.225934792696
-54.8622058574028,-20.6988039385152,872.136021303043
-54.8628649751557,-20.6995572775804,873.04610781339
-54.8635240994194,-20.7003106140579,873.956194323737
-54.8641832301943,-20.7010639479476,874.866280834084
-54.8648423674807,-20.7018172792492,875.776367344432
-54.8655015112789,-20.7025706079627,876.686453854779
-54.8661606615891,-20.703323934088,877.596540365126
-54.8668198184117,-20.7040772576249,878.506626875473
-54.867478981747,-20.7048305785733,879.41671338582
-54.8681381515953,-20.7055838969331,880.326799896167
-54.8687973279568,-20.7063372127041,881.236886406514
-54.869456510832,-20.7070905258862,882.146972916862
-54.870115700221,-20.7078438364793,883.057059427209
-54.8707748961242,-20.7085971444833,883.967145937556
-54.8714340985419,-20.7093504498981,884.877232447903
-54.8720933074743,-20.7101037527234,885.78731895825
-54.8727525229219,-20.7108570529593,886.697405468597
-54.8734117448848,-20.7116103506055,887.607491978944
-54.8740709733635,-20.7123636456619,888.517578489291
-54.8747302083581,-20.7131169381284,889.427664999639
-54.8753894498691,-20.713870228005,890.337751509986
-54.8760486978966,-20.7146235152913,891.247838020333
-54.876707952441,-20.7153767999874,892.15792453068
-54.8773672135026,-20.7161300820931,893.068011041027
-54.8780264810818,-20.7168833616083,893.978097551374
-54.8786857551787,-20.7176366385329,894.888184061721
-54.8793450357937,-20.7183899128666,895.798270572068
-54.8800043229271,-20.7191431846095,896.708357082416
-54.8806636165793,-20.7198964537613,897.618443592763
-54.8813229167504,-20.7206497203219,898.52853010311
-54.8819822234409,-20.7214029842913,899.438616613457
-54.8826415366509,-20.7221562456693,900.348703123804
-54.8833008563809,-20.7229095044557,901.258789634151
-54.8839601826311,-20.7236627606505,902.168876144498
-54.8846195154018,-20.7244160142535,903.078962654845
-54.8852788546933,-20.7251692652645,903.989049165193
-54.8859382005059,-20.7259225136835,904.89913567554
-54.88659755284,-20.7266757595104,905.809222185887
-54.8872569116957,-20.7274290027449,906.719308696234
-54.8879162770735,-20.7281822433871,907.629395206581
-54.8885756489736,-20.7289354814367,908.539481716928
-54.8892350273964,-20.7296887168936,909.449568227275
-54.889894412342,-20.7304419497577,910.359654737622
-54.8905538038109,-20.7311951800289,911.26974124797
-54.8912132018033,-20.731948407707,912.179827758317
-54.8918726063196,-20.7327016327919,913.089914268664
-54.89253201736,-20.7334548552836,914.000000779011
-54.8932009128078,-20.7342012325369,914.399998610112
-54.8939329866961,-20.7348920404229,914.399998610112
-54.8947286397439,-20.7355175475234,914.399998610112
-54.8955813154988,-20.7360725988786,914.399998610112
-54.8964839873295,-20.7365526201195,914.399998610112
-54.8974253058271,-20.7369621992372,914.399998610112
-54.8983724732265,-20.737359994209,914.399998610112
-54.8993196455762,-20.7377577839468,914.399998610112
-54.9002668228764,-20.7381555684506,914.399998610112
-54.901214005127,-20.7385533477201,914.399998610112
-54.9021611923282,-20.7389511217552,914.399998610112
-54.90310838448,-20.7393488905557,914.399998610112
-54.9040555815824,-20.7397466541217,914.399998610112
-54.9050027836356,-20.7401444124528,914.399998610112
-54.9059499906396,-20.740542165549,914.399998610112
-54.9068972025945,-20.7409399134102,914.399998610112
-54.9078444195003,-20.7413376560361,914.399998610112
-54.9087916413571,-20.7417353934268,914.399998610112
-54.9097388681649,-20.7421331255819,914.399998610112
-54.9106860999239,-20.7425308525015,914.399998610112
-54.9116333366341,-20.7429285741853,914.399998610112
-54.9125805782955,-20.7433262906332,914.399998610112
-54.9135278249082,-20.7437240018452,914.399998610112
-54.9144750764724,-20.7441217078209,914.399998610112
-54.9154223329879,-20.7445194085604,914.399998610112
-54.916369594455,-20.7449171040635,914.399998610112
-54.9173168608737,-20.74531479433,914.399998610112
-54.918264132244,-20.7457124793598,914.399998610112
-54.919211408566,-20.7461101591528,914.399998610112
-54.9201586898398,-20.7465078337088,914.399998610112
-54.9211059760654,-20.7469055030277,914.399998610112
-54.9220532672429,-20.7473031671094,914.399998610112
-54.9230005633724,-20.7477008259537,914.399998610112
-54.9239478644539,-20.7480984795605,914.399998610112
-54.9248951704875,-20.7484961279296,914.399998610112
-54.9258424814733,-20.748893771061,914.399998610112
-54.9267897974113,-20.7492914089544,914.399998610112
-54.9277371183016,-20.7496890416098,914.399998610112
-54.9286844441442,-20.750086669027,914.399998610112
-54.9296317749393,-20.7504842912059,914.399998610112
-54.9305791106868,-20.7508819081463,914.399998610112
-54.9315264513869,-20.7512795198481,914.399998610112
-54.9324737970395,-20.7516771263111,914.399998610112
-54.9334211476449,-20.7520747275353,914.399998610112
-54.934368503203,-20.7524723235205,914.399998610112
-54.9353158637139,-20.7528699142666,914.399998610112
-54.9362632291777,-20.7532674997733,914.399998610112
-54.9372105995944,-20.7536650800407,914.399998610112
-54.9381579749641,-20.7540626550685,914.399998610112
-54.9391053552869,-20.7544602248566,914.399998610112
-54.9400527405628,-20.7548577894049,914.399998610112
-54.9410001307918,-20.7552553487132,914.399998610112
-54.9419475259742,-20.7556529027814,914.399998610112
-54.9428949261098,-20.7560504516094,914.399998610112
-54.9438423311989,-20.756447995197,914.399998610112
-54.9447897412983,-20.756845533568,914.399998610112
-54.9457371562954,-20.7572430666749,914.399998610112
-54.9466845762461,-20.7576405945411,914.399998610112
-54.9476320011504,-20.7580381171663,914.399998610112
-54.9485794310084,-20.7584356345505,914.399998610112
-54.9495268658202,-20.7588331466935,914.399998610112
-54.9504743055858,-20.7592306535952,914.399998610112
-54.9514217503053,-20.7596281552554,914.399998610112
-54.9523691999788,-20.760025651674,914.399998610112
-54.9533166546063,-20.7604231428509,914.399998610112
-54.9542641141879,-20.7608206287859,914.399998610112
-54.9552115787237,-20.761218109479,914.399998610112
-54.9561590482137,-20.7616155849299,914.399998610112
-54.9571065226579,-20.7620130551385,914.399998610112
-54.9580540020565,-20.7624105201047,914.399998610112
-54.9590014864096,-20.7628079798283,914.399998610112
-54.9599489757171,-20.7632054343093,914.399998610112
-54.9608964699791,-20.7636028835474,914.399998610112
-54.9618439691958,-20.7640003275426,914.399998610112
-54.9627914733671,-20.7643977662947,914.399998610112
-54.9637389824932,-20.7647951998036,914.399998610112
-54.964686496574,-20.7651926280691,914.399998610112
-54.9656340156098,-20.7655900510911,914.399998610112
-54.9665815396004,-20.7659874688695,914.399998610112
-54.9675290685461,-20.7663848814041,914.399998610112
-54.9684766024468,-20.7667822886948,914.399998610112
-54.9694241413026,-20.7671796907414,914.399998610112
-54.9703716851136,-20.7675770875439,914.399998610112
-54.9713192338799,-20.767974479102,914.399998610112
-54.9722667876015,-20.7683718654157,914.399998610112
-54.9732143462784,-20.7687692464848,914.399998610112
-54.9741619099108,-20.7691666223092,914.399998610112
-54.9751094784988,-20.7695639928887,914.399998610112
-54.9760570520423,-20.7699613582232,914.399998610112
-54.9770046305414,-20.7703587183126,914.399998610112
-54.9779522139962,-20.7707560731567,914.399998610112
-54.9788998024068,-20.7711534227554,914.399998610112
-54.9798473957732,-20.7715507671085,914.399998610112
-54.9807949940955,-20.771948106216,914.399998610112
-54.9817425973738,-20.7723454400777,914.399998610112
-54.9826902056081,-20.7727427686934,914.399998610112
-54.9836378187984,-20.773140092063,914.399998610112
-54.984585436945,-20.7735374101864,914.399998610112
-54.9855330600477,-20.7739347230635,914.399998610112
-54.9864806881068,-20.774332030694,914.399998610112
-54.9874283211221,-20.7747293330779,914.399998610112
-54.9883759590939,-20.7751266302151,914.399998610112
-54.9893236020221,-20.7755239221053,914.399998610112
-54.9902712499069,-20.7759212087485,914.399998610112
-54.9912189027483,-20.7763184901446,914.399998610112
-54.9921665605464,-20.7767157662933,914.399998610112
-54.9931142233011,-20.7771130371945,914.399998610112
-54.9940618910127,-20.7775103028482,914.399998610112
-54.9950095636812,-20.7779075632542,914.399998610112
-54.9959572413065,-20.7783048184123,914.399998610112
-54.9969049238888,-20.7787020683224,914.399998610112
-54.9978526114282,-20.7790993129844,914.399998610112
-54.9988003039247,-20.7794965523981,914.399998610112
-54.9997480013784,-20.7798937865634,914.399998610112
-55.0006957037893,-20.7802910154802,914.399998610112
-55.0016434111576,-20.7806882391483,914.399998610112
-55.0025911234832,-20.7810854575676,914.399998610112
-55.0035388407662,-20.7814826707379,914.399998610112
-55.0044865630068,-20.7818798786592,914.399998610112
-55.0054342902049,-20.7822770813312,914.399998610112
-55.0063820223606,-20.7826742787539,914.399998610112
-55.007329759474,-20.7830714709271,914.399998610112
-55.0082775015452,-20.7834686578506,914.399998610112
-55.0092252485742,-20.7838658395245,914.399998610112
-55.0101730005611,-20.7842630159484,914.399998610112
-55.0111207575059,-20.7846601871222,914.399998610112
-55.0120685194088,-20.7850573530459,914.399998610112
-55.0130162862697,-20.7854545137193,914.399998610112
-55.0139640580888,-20.7858516691422,914.399998610112
-55.014911834866,-20.7862488193146,914.399998610112
-55.0158596166016,-20.7866459642363,914.399998610112
-55.0168074032954,-20.7870431039071,914.399998610112
-55.0177551949477,-20.7874402383269,914.399998610112
-55.0187029915584,-20.7878373674955,914.399998610112
-55.0196507931277,-20.788234491413,914.399998610112
-55.0205985996555,-20.788631610079,914.399998610112
-55.0215464111421,-20.7890287234935,914.399998610112
-55.0224942275873,-20.7894258316563,914.399998610112
-55.0234420489913,-20.7898229345673,914.399998610112
-55.0243898753541,-20.7902200322264,914.399998610112
-55.0253377066759,-20.7906171246334,914.399998610112
-55.0262855429566,-20.7910142117881,914.399998610112
-55.0272333841964,-20.7914112936906,914.399998610112
-55.0281812303953,-20.7918083703405,914.399998610112
-55.0291290815533,-20.7922054417378,914.399998610112
-55.0300769376706,-20.7926025078824,914.399998610112
-55.0310247987472,-20.792999568774,914.399998610112
-55.0319726647831,-20.7933966244127,914.399998610112
-55.0329205357785,-20.7937936747981,914.399998610112
-55.0338684117333,-20.7941907199303,914.399998610112
-55.0348162926477,-20.794587759809,914.399998610112
-55.0357641785217,-20.7949847944342,914.399998610112
-55.0367120693554,-20.7953818238056,914.399998610112
-55.0376599651488,-20.7957788479232,914.399998610112
-55.038607865902,-20.7961758667868,914.399998610112
-55.0395557716151,-20.7965728803962,914.399998610112
-55.0405036822882,-20.7969698887515,914.399998610112
-55.0414515979212,-20.7973668918523,914.399998610112
-55.0423995185143,-20.7977638896986,914.399998610112
-55.0433474440676,-20.7981608822902,914.399998610112
-55.044295374581,-20.798557869627,914.399998610112
-55.0452433100547,-20.7989548517089,914.399998610112
-55.0461912504887,-20.7993518285357,914.399998610112
-55.047139195883,-20.7997488001074,914.399998610112
-55.0480871462379,-20.8001457664236,914.399998610112
-55.0490351015532,-20.8005427274844,914.399998610112
-55.0499830618291,-20.8009396832895,914.399998610112
-55.0509310270657,-20.8013366338389,914.399998610112
-55.0518789972629,-20.8017335791325,914.399998610112
-55.052826972421,-20.8021305191699,914.399998610112
-55.0537749525398,-20.8025274539513,914.399998610112
-55.0547229376196,-20.8029243834763,914.399998610112
-55.0556709276603,-20.8033213077449,914.399998610112
-55.056618922662,-20.8037182267569,914.399998610112
-55.0575669226248,-20.8041151405122,914.399998610112
-55.0585149275488,-20.8045120490106,914.399998610112
-55.059462937434,-20.8049089522521,914.399998610112
-55.0604109522804,-20.8053058502365,914.399998610112
-55.0613589720882,-20.8057027429636,914.399998610112
-55.0623069968574,-20.8060996304333,914.399998610112
-55.0632550265881,-20.8064965126455,914.399998610112
-55.0642030612803,-20.8068933896,914.399998610112
-55.0651511009341,-20.8072902612968,914.399998610112
-55.0660991455496,-20.8076871277356,914.399998610112
-55.0670471951268,-20.8080839889163,914.399998610112
-55.0679952496658,-20.8084808448388,914.399998610112
-55.0689433091666,-20.808877695503,914.399998610112
-55.0698913736294,-20.8092745409087,914.399998610112
-55.0708394430541,-20.8096713810558,914.399998610112
-55.0717875174409,-20.8100682159441,914.399998610112
-55.0727355967898,-20.8104650455735,914.399998610112
-55.0736836811009,-20.810861869944,914.399998610112
-55.0746317703742,-20.8112586890552,914.399998610112
-55.0755798646098,-20.8116555029072,914.399998610112
-55.0765279638078,-20.8120523114997,914.399998610112
-55.0774760679681,-20.8124491148327,914.399998610112
-55.078424177091,-20.812845912906,914.399998610112
-55.0793722911765,-20.8132427057194,914.399998610112
-55.0803204102245,-20.8136394932728,914.399998610112
-55.0812685342353,-20.8140362755661,914.399998610112
-55.0822166632088,-20.8144330525992,914.399998610112
-55.0831647971451,-20.8148298243719,914.399998610112
-55.0841129360443,-20.8152265908841,914.399998610112
-55.0850610799064,-20.8156233521356,914.399998610112
-55.0860092287315,-20.8160201081263,914.399998610112
-55.0869573825197,-20.8164168588561,914.399998610112
-55.087905541271,-20.8168136043248,914.399998610112
-55.0888537049855,-20.8172103445323,914.399998610112
-55.0898018736633,-20.8176070794785,914.399998610112
-55.0907500473044,-20.8180038091632,914.399998610112
-55.0916982259088,-20.8184005335863,914.399998610112
-55.0926464094768,-20.8187972527477,914.399998610112
-55.0935945980082,-20.8191939666471,914.399998610112
-55.0945427915032,-20.8195906752846,914.399998610112
-55.0954909899619,-20.8199873786598,914.399998610112
-55.0964391933842,-20.8203840767728,914.399998610112
-55.0973874017703,-20.8207807696234,914.399998610112
-55.0983356151203,-20.8211774572114,914.399998610112
-55.0992838334341,-20.8215741395367,914.399998610112
-55.100232056712,-20.8219708165991,914.399998610112
-55.1011802849538,-20.8223674883986,914.399998610112
-55.1021285181597,-20.822764154935,914.399998610112
-55.1030767563298,-20.8231608162081,914.399998610112
-55.1040249994641,-20.8235574722179,914.399998610112
-55.1049732475626,-20.8239541229641,914.399998610112
-55.1059215006255,-20.8243507684466,914.399998610112
-55.1068697586528,-20.8247474086654,914.399998610112
-55.1078180216446,-20.8251440436203,914.399998610112
-55.1087489445449,-20.8255783186861,914.399998610112
-55.1096332946861,-20.8260884229464,914.399998610112
-55.1104648073224,-20.8266718166045,914.399998610112
-55.1112366313567,-20.8273236933346,914.399998610112
-55.1119424071996,-20.8280386825441,914.399998610112
-55.1125763191666,-20.8288108936001,914.399998610112
-55.1131331434029,-20.8296339643401,914.399998610112
-55.1136082909426,-20.8305011134694,914.399998610112
-55.113997845547,-20.8314051964136,914.399998610112
-55.1143061285008,-20.832336783876,914.101345442366
-55.1145986216317,-20.8332730174559,913.368257789859
-55.1148911183787,-20.8342092504344,912.635170137352
-55.1151836187421,-20.8351454828113,911.902082484845
-55.1154761227221,-20.8360817145867,911.168994832339
-55.115768630319,-20.8370179457606,910.435907179832
-55.1160611415329,-20.8379541763329,909.702819527325
-55.1163536563641,-20.8388904063035,908.969731874818
-55.1166461748127,-20.8398266356724,908.236644222311
-55.1169386968791,-20.8407628644397,907.503556569804
-55.1172312225634,-20.8416990926052,906.770468917298
-55.1175237518658,-20.8426353201689,906.037381264791
-55.1178162847866,-20.8435715471309,905.304293612284
-55.1181088213261,-20.8445077734909,904.571205959777
-55.1184013614843,-20.8454439992491,903.83811830727
-55.1186939052615,-20.8463802244055,903.105030654763
-55.118986452658,-20.8473164489598,902.371943002256
-55.119279003674,-20.8482526729122,901.63885534975
-55.1195715583097,-20.8491888962625,900.905767697243
-55.1198641165653,-20.8501251190109,900.172680044736
-55.120156678441,-20.8510613411571,899.439592392229
-55.1204492439371,-20.8519975627012,898.706504739722
-55.1207418130537,-20.8529337836432,897.973417087215
-55.1210343857912,-20.853870003983,897.240329434708
-55.1213269621496,-20.8548062237205,896.507241782202
-55.1216195421294,-20.8557424428558,895.774154129695
-55.1219121257305,-20.8566786613889,895.041066477188
-55.1222047129534,-20.8576148793195,894.307978824681
-55.1224973037981,-20.8585510966479,893.574891172174
-55.122789898265,-20.8594873133738,892.841803519667
-55.1230824963542,-20.8604235294974,892.108715867161
-55.1233750980659,-20.8613597450184,891.375628214654
-55.1236677034005,-20.862295959937,890.642540562147
-55.1239603123581,-20.8632321742531,889.90945290964
-55.1242529249388,-20.8641683879666,889.176365257133
-55.1245455411431,-20.8651046010774,888.443277604626
-55.1248381609709,-20.8660408135857,887.710189952119
-55.1251307844227,-20.8669770254913,886.977102299613
-55.1254234114986,-20.8679132367942,886.244014647106
-55.1257160421988,-20.8688494474943,885.510926994599
-55.1260086765411,-20.8697856576476,884.777839342092
-55.1263013144911,-20.8707218671436,884.044751689585
-55.126593956066,-20.8716580760367,883.311664037078
-55.1268866012662,-20.872594284327,882.578576384571
-55.1271792500918,-20.8735304920144,881.845488732065
-55.127471902543,-20.8744666990988,881.112401079558
-55.1277645586201,-20.8754029055802,880.379313427051
-55.1280572183233,-20.8763391114587,879.646225774544
-55.1283498816529,-20.877275316734,878.913138122037
-55.1286425486089,-20.8782115214064,878.18005046953
-55.1289352191917,-20.8791477254756,877.446962817024
-55.1292278934015,-20.8800839289416,876.713875164517
-55.1295205712385,-20.8810201318045,875.98078751201
-55.1298132527029,-20.8819563340642,875.247699859503
-55.130105937795,-20.8828925357206,874.514612206996
-55.1303986265149,-20.8838287367737,873.781524554489
-55.1306913188629,-20.8847649372235,873.048436901982
-55.1309840148392,-20.88570113707,872.315349249476
-55.131276714444,-20.8866373363131,871.582261596969
-55.1315694176776,-20.8875735349527,870.849173944462
-55.1318621245401,-20.8885097329889,870.116086291955
-55.1321548350318,-20.8894459304216,869.382998639448
-55.1324475491529,-20.8903821272508,868.649910986941
-55.1327402669037,-20.8913183234765,867.916823334435
-55.1330329882843,-20.8922545190985,867.183735681928
-55.1333257132949,-20.8931907141169,866.450648029421
-55.1336184419359,-20.8941269085317,865.717560376914
-55.1339111742074,-20.8950631023427,864.984472724407
-55.1342039101096,-20.89599929555,864.2513850719
-55.1344966496427,-20.8969354881536,863.518297419393
-55.1347893928071,-20.8978716801534,862.785209766887
-55.1350821396028,-20.8988078715493,862.05212211438
-55.1353748900301,-20.8997440623414,861.319034461873
-55.1356676440893,-20.9006802525295,860.585946809366
-55.1359604017806,-20.9016164421138,859.852859156859
-55.1362531631041,-20.902552631094,859.119771504352
-55.1365459280601,-20.9034888194703,858.386683851845
-55.1368386966488,-20.9044250072425,857.653596199339
-55.1371314688705,-20.9053611944106,856.920508546832
-55.1374242447254,-20.9062973809747,856.187420894325
-55.1377170242136,-20.9072335669346,855.454333241818
-55.1380098073355,-20.9081697522903,854.721245589311
-55.1383025940911,-20.9091059370418,853.988157936804
-55.1385953844809,-20.9100421211891,853.255070284298
-55.1388881785049,-20.9109783047321,852.521982631791
-55.1391809761633,-20.9119144876707,851.788894979284
-55.1394737774565,-20.9128506700051,851.055807326777
-55.1397665823847,-20.913786851735,850.32271967427
-55.1400593909479,-20.9147230328605,849.589632021763
-55.1403522031466,-20.9156592133816,848.856544369256
-55.1406450189809,-20.9165953932982,848.12345671675
-55.1409378384509,-20.9175315726103,847.390369064243
-55.141230661557,-20.9184677513178,846.657281411736
-55.1415234882994,-20.9194039294207,845.924193759229
-55.1418163186783,-20.920340106919,845.191106106722
-55.1421091526938,-20.9212762838126,844.458018454215
-55.1424019903463,-20.9222124601016,843.724930801709
-55.1426948316359,-20.9231486357858,842.991843149202
-55.1429876765629,-20.9240848108653,842.258755496695
-55.1432805251275,-20.92502098534,841.525667844188
-55.1435733773299,-20.9259571592098,840.792580191681
-55.1438662331703,-20.9268933324748,840.059492539174
-55.144159092649,-20.9278295051349,839.326404886667
-55.1444519557662,-20.92876567719,838.593317234161
-55.144744822522,-20.9297018486402,837.860229581654
-55.1450376929168,-20.9306380194854,837.127141929147
-55.1453305669507,-20.9315741897255,836.39405427664
-55.1456234446239,-20.9325103593606,835.660966624133
-55.1459163259368,-20.9334465283906,834.927878971626
-55.1462092108894,-20.9343826968154,834.194791319119
-55.1465020994821,-20.9353188646351,833.461703666613
-55.146794991715,-20.9362550318495,832.728616014106
-55.1470878875883,-20.9371911984588,831.995528361599
-55.1473807871024,-20.9381273644627,831.262440709092
-55.1476736902573,-20.9390635298613,830.529353056585
-55.1479665970534,-20.9399996946546,829.796265404078
-55.1482595074909,-20.9409358588425,829.063177751572
-55.1485524215699,-20.941872022425,828.330090099065
-55.1488453392907,-20.942808185402,827.597002446558
-55.1491382606535,-20.9437443477736,826.863914794051
-55.1494311856586,-20.9446805095396,826.130827141544
-55.1497241143061,-20.9456166707001,825.397739489037
-55.1500170465963,-20.946552831255,824.66465183653
-55.1503099825294,-20.9474889912043,823.931564184024
-55.1506029221057,-20.9484251505479,823.198476531517
-55.1508958653252,-20.9493613092859,822.46538887901
-55.1511888121884,-20.9502974674181,821.732301226503
-55.1514817626953,-20.9512336249445,820.999213573996
-55.1517747168462,-20.9521697818652,820.266125921489
-55.1520676746414,-20.9531059381801,819.533038268983
-55.152360636081,-20.954042093889,818.799950616476
-55.1526536011653,-20.9549782489921,818.066862963969
-55.1529465698945,-20.9559144034893,817.333775311462
-55.1532395422688,-20.9568505573804,816.600687658955
-55.1535325182884,-20.9577867106656,815.867600006448
-55.1538254979536,-20.9587228633448,815.134512353941
-55.1541184812646,-20.9596590154179,814.401424701435
-55.1544114682216,-20.9605951668849,813.668337048928
-55.1547044588248,-20.9615313177457,812.935249396421
-55.1549974530744,-20.9624674680004,812.202161743914
-55.1552904509707,-20.9634036176489,811.469074091407
-55.1555834525139,-20.9643397666911,810.7359864389
-55.1558764577043,-20.9652759151271,810.002898786393
-55.1561694665419,-20.9662120629567,809.269811133887
-55.1564624790271,-20.96714821018,808.53672348138
-55.1567554951601,-20.9680843567969,807.803635828873
-55.1570485149411,-20.9690205028075,807.070548176366
-55.1573415383703,-20.9699566482115,806.337460523859
-55.1576345654479,-20.9708927930091,805.604372871352
-55.1579275961743,-20.9718289372002,804.871285218846
-55.1582206305494,-20.9727650807847,804.138197566339
-55.1585136685737,-20.9737012237627,803.405109913832
-55.1588067102474,-20.974637366134,802.672022261325
-55.1590997555705,-20.9755735078987,801.938934608818
-55.1593928045435,-20.9765096490566,801.205846956311
-55.1596858571664,-20.9774457896079,800.472759303804
-55.1599789134396,-20.9783819295524,799.739671651298
-55.1602719733632,-20.9793180688901,799.006583998791
-55.1605650369374,-20.980254207621,798.273496346284
-55.1608581041626,-20.981190345745,797.540408693777
-55.1611511750388,-20.9821264832622,796.80732104127
-55.1614442495664,-20.9830626201724,796.074233388763
-55.1617373277455,-20.9839987564756,795.341145736256
-55.1620304095764,-20.9849348921719,794.60805808375
-55.1623234950592,-20.9858710272611,793.874970431243
-55.1626165841943,-20.9868071617432,793.141882778736
-55.1629096769818,-20.9877432956183,792.408795126229
-55.163202773422,-20.9886794288862,791.675707473722
-55.163495873515,-20.9896155615469,790.942619821215
-55.1637889772612,-20.9905516936004,790.209532168709
-55.1640820846606,-20.9914878250467,789.476444516202
-55.1643751957136,-20.9924239558858,788.743356863695
-55.1646683104204,-20.9933600861175,788.010269211188
-55.1649614287812,-20.9942962157419,787.277181558681
-55.1652545507961,-20.9952323447588,786.544093906174
-55.1655476764655,-20.9961684731684,785.811006253667
-55.1658408057896,-20.9971046009706,785.077918601161
-55.1661339387685,-20.9980407281652,784.344830948654
-55.1664270754025,-20.9989768547524,783.611743296147
-55.1667202156919,-20.999912980732,782.87865564364
-55.1670133596367,-21.000849106104,782.145567991133
-55.1673065072374,-21.0017852308684,781.412480338626
-55.167599658494,-21.0027213550251,780.67939268612
-55.1678928134069,-21.0036574785742,779.946305033613
-55.1681859719761,-21.0045936015155,779.213217381106
-55.168479134202,-21.0055297238491,778.480129728599
-55.1687723000848,-21.0064658455749,777.747042076092
-55.1690654696247,-21.0074019666928,777.013954423585
-55.1693586428219,-21.008338087203,776.280866771078
-55.1696518196766,-21.0092742071052,775.547779118571
-55.1699450001891,-21.0102103263994,774.814691466065
-55.1702381843596,-21.0111464450858,774.081603813558
-55.1705313721883,-21.0120825631641,773.348516161051
-55.1708245636754,-21.0130186806344,772.615428508544
-55.1711177588212,-21.0139547974966,771.882340856037
-55.1714109576258,-21.0148909137507,771.14925320353
-55.1717041600896,-21.0158270293967,770.416165551024
-55.1719973662126,-21.0167631444345,769.683077898517
-55.1722905759952,-21.0176992588641,768.94999024601
-55.1725837894376,-21.0186353726855,768.216902593503
-55.1728770065399,-21.0195714858986,767.483814940996
-55.1731702273024,-21.0205075985034,766.750727288489
-55.1734634517254,-21.0214437104999,766.017639635983
-55.173756679809,-21.0223798218879,765.284551983476
-55.1740499115535,-21.0233159326676,764.551464330969
-55.174343146959,-21.0242520428388,763.818376678462
-55.1746363860259,-21.0251881524016,763.085289025955
-55.1749296287544,-21.0261242613558,762.352201373448
-55.1752228751445,-21.0270603697015,761.619113720941
-55.1755161251967,-21.0279964774386,760.886026068435
-55.1758093789111,-21.028932584567,760.152938415928
-55.1761026362879,-21.0298686910868,759.419850763421
-55.1763958973273,-21.030804796998,758.686763110914
-55.1766891620297,-21.0317409023004,757.953675458407
-55.1769824303951,-21.032677006994,757.2205878059
-55.1772757024238,-21.0336131110789,756.487500153393
-55.1775689781161,-21.0345492145549,755.754412500887
-55.1778622574721,-21.0354853174221,755.02132484838
-55.1781555404921,-21.0364214196804,754.288237195873
-55.1784488271764,-21.0373575213298,753.555149543366
-55.178742117525,-21.0382936223702,752.822061890859
-55.1790354115383,-21.0392297228016,752.088974238352
-55.1793287092165,-21.0401658226239,751.355886585845
-55.1796220105597,-21.0411019218372,750.622798933339
-55.1799153155683,-21.0420380204414,749.889711280832
-55.1802086242424,-21.0429741184365,749.156623628325
-55.1805019365823,-21.0439102158223,748.423535975818
-55.1807952525882,-21.044846312599,747.690448323311
-55.1810885722603,-21.0457824087665,746.957360670804
-55.1813818955988,-21.0467185043246,746.224273018298
-55.1816752226039,-21.0476545992735,745.491185365791
-55.181968553276,-21.048590693613,744.758097713284
-55.1822618876151,-21.0495267873432,744.025010060777
-55.1825552256216,-21.0504628804639,743.29192240827
-55.1828485672956,-21.0513989729752,742.558834755763
-55.1831419126373,-21.052335064877,741.825747103257
-55.183435261647,-21.0532711561692,741.09265945075
-55.183728614325,-21.054207246852,740.359571798243
-55.1840219706714,-21.0551433369251,739.626484145736
-55.1843153306864,-21.0560794263886,738.893396493229
-55.1846086943703,-21.0570155152425,738.160308840722
-55.1849020617233,-21.0579516034867,737.427221188215
-55.1851954327457,-21.0588876911212,736.694133535708
-55.1854888074376,-21.0598237781459,735.961045883202
-55.1857821857992,-21.0607598645608,735.227958230695
-55.1860755678308,-21.0616959503659,734.494870578188
-55.1863689535327,-21.0626320355611,733.761782925681
-55.186662342905,-21.0635681201464,733.028695273174
-55.1869557359479,-21.0645042041218,732.295607620667
-55.1872491326617,-21.0654402874872,731.562519968161
-55.1875425330467,-21.0663763702427,730.829432315654
-55.1878359371029,-21.0673124523881,730.096344663147
-55.1881293448307,-21.0682485339234,729.36325701064
-55.1884227562303,-21.0691846148486,728.630169358133
-55.1887161713018,-21.0701206951637,727.897081705626
-55.1890095900456,-21.0710567748686,727.163994053119
-55.1893030124618,-21.0719928539633,726.430906400613
-55.1895964385507,-21.0729289324478,725.697818748106
-55.1898898683125,-21.073865010322,724.964731095599
-55.1901833017473,-21.0748010875859,724.231643443092
-55.1904767388555,-21.0757371642394,723.498555790585
-55.1907701796373,-21.0766732402826,722.765468138078
-55.1910636240928,-21.0776093157153,722.032380485572
-55.1913570722223,-21.0785453905376,721.299292833065
-55.1916505240261,-21.0794814647494,720.566205180558
-55.1919439795043,-21.0804175383507,719.833117528051
-55.1922374386571,-21.0813536113414,719.100029875544
-55.1925309014848,-21.0822896837216,718.366942223037
-55.1928243679877,-21.0832257554911,717.633854570531
-55.1931178381659,-21.08416182665,716.900766918024
-55.1934113120196,-21.0850978971982,716.167679265517
-55.1937047895491,-21.0860339671356,715.43459161301
-55.1939982707547,-21.0869700364623,714.701503960503
-55.1942917556364,-21.0879061051782,713.968416307996
-55.1945852441946,-21.0888421732833,713.235328655489
-55.1948787364295,-21.0897782407775,712.502241002982
-55.1951722323412,-21.0907143076608,711.769153350476
-55.1954657319301,-21.0916503739332,711.036065697969
-55.1957592351963,-21.0925864395946,710.302978045462
-55.1960527421401,-21.093522504645,709.569890392955
-55.1963462527617,-21.0944585690844,708.836802740448
-55.1966397670613,-21.0953946329127,708.103715087941
-55.1969332850391,-21.0963306961299,707.370627435435
-55.1972268066953,-21.0972667587359,706.637539782928
-55.1975203320303,-21.0982028207308,705.904452130421
-55.1978138610441,-21.0991388821145,705.171364477914
-55.1981073937371,-21.1000749428869,704.438276825407
-55.1984009301094,-21.101011003048,703.7051891729
-55.1986944701613,-21.1019470625979,702.972101520393
-55.1989880138929,-21.1028831215364,702.239013867887
-55.1992815613046,-21.1038191798635,701.50592621538
-55.1995751123965,-21.1047552375791,700.772838562873
-55.1998686671689,-21.1056912946834,700.039750910366
-55.200162225622,-21.1066273511761,699.306663257859
-55.200455787756,-21.1075634070573,698.573575605352
-55.2007493535711,-21.108499462327,697.840487952845
-55.2010429230675,-21.1094355169851,697.107400300339
-55.2013364962456,-21.1103715710315,696.374312647832
-55.2016300731054,-21.1113076244663,695.641224995325
-55.2019236536472,-21.1122436772894,694.908137342818
-55.2022172378713,-21.1131797295008,694.175049690311
-55.2025108257779,-21.1141157811004,693.441962037804
-55.2028044173672,-21.1150518320882,692.708874385298
-55.2030980126394,-21.1159878824642,691.975786732791
-55.2033916115947,-21.1169239322283,691.242699080284
-55.2036852142333,-21.1178599813805,690.509611427777
-55.2039788205556,-21.1187960299208,689.77652377527
-55.2042724305617,-21.1197320778491,689.043436122763
-55.2045660442518,-21.1206681251654,688.310348470256
-55.2048596616261,-21.1216041718696,687.57726081775
-55.2051532826849,-21.1225402179618,686.844173165243
-55.2054469074285,-21.1234762634419,686.111085512736
-55.2057405358569,-21.1244123083098,685.377997860229
-55.2060341679705,-21.1253483525655,684.644910207722
-55.2063278037695,-21.1262843962091,683.911822555215
-55.206621443254,-21.1272204392403,683.178734902709
-55.2069150864244,-21.1281564816593,682.445647250202
-55.2072087332808,-21.129092523466,681.712559597695
-55.2075023838235,-21.1300285646604,680.979471945188
-55.2077960380526,-21.1309646052423,680.246384292681
-55.2080896959685,-21.1319006452118,679.513296640174
-55.2083833575713,-21.1328366845689,678.780208987667
-55.2086770228612,-21.1337727233135,678.047121335161
-55.2089706918386,-21.1347087614455,677.314033682654
-55.2092643645035,-21.135644798965,676.580946030147
-55.2095580408563,-21.1365808358719,675.84785837764
-55.2098517208971,-21.1375168721662,675.114770725133
-55.2101454046262,-21.1384529078478,674.381683072626
-55.2104390920437,-21.1393889429167,673.648595420119
-55.21073278315,-21.1403249773729,672.915507767613
-55.2110264779453,-21.1412610112163,672.182420115106
-55.2113201764297,-21.1421970444469,671.449332462599
-55.2116138786034,-21.1431330770646,670.716244810092
-55.2119075844669,-21.1440691090695,669.983157157585
-55.2122012940201,-21.1450051404615,669.250069505078
-55.2124950072634,-21.1459411712406,668.516981852572
-55.212788724197,-21.1468772014066,667.783894200065
-55.213082444821,-21.1478132309597,667.050806547558
-55.2133761691358,-21.1487492598997,666.317718895051
-55.2136698971416,-21.1496852882266,665.584631242544
-55.2139636288385,-21.1506213159405,664.851543590037
-55.2142573642269,-21.1515573430411,664.11845593753
-55.2145511033068,-21.1524933695286,663.385368285024
-55.2148448460787,-21.1534293954029,662.652280632517
-55.2151385925425,-21.1543654206639,661.91919298001
-55.2154323426987,-21.1553014453116,661.186105327503
-55.2157260965474,-21.156237469346,660.453017674996
-55.2160198540888,-21.1571734927671,659.719930022489
-55.2163136153232,-21.1581095155747,658.986842369983
-55.2166073802508,-21.159045537769,658.253754717476
-55.2169011488718,-21.1599815593497,657.520667064969
-55.2171949211864,-21.160917580317,656.787579412462
-55.2174886971949,-21.1618536006708,656.054491759955
-55.2177824768974,-21.1627896204109,655.321404107448
-55.2180762602943,-21.1637256395375,654.588316454941
-55.2183700473857,-21.1646616580505,653.855228802435
-55.2186638381718,-21.1655976759498,653.122141149928
-55.218957632653,-21.1665336932353,652.389053497421
-55.2192514308293,-21.1674697099072,651.655965844914
-55.219545232701,-21.1684057259652,650.922878192407
-55.2198390382684,-21.1693417414095,650.1897905399
-55.2201328475317,-21.1702777562399,649.456702887393
-55.220426660491,-21.1712137704564,648.723615234887
-55.2207204771467,-21.172149784059,647.99052758238
-55.2210142974989,-21.1730857970477,647.257439929873
-55.2213081215479,-21.1740218094224,646.524352277366
-55.2216019492938,-21.1749578211831,645.791264624859
-55.221895780737,-21.1758938323297,645.058176972352
-55.2221896158776,-21.1768298428623,644.325089319846
-55.2224834547159,-21.1777658527807,643.592001667339
-55.2227772972521,-21.178701862085,642.858914014832
-55.2230711434863,-21.179637870775,642.125826362325
-55.2233649934189,-21.1805738788509,641.392738709818
-55.2236588470501,-21.1815098863125,640.659651057311
-55.22395270438,-21.1824458931598,639.926563404804
-55.2242465654089,-21.1833818993928,639.193475752298
-55.2245404301371,-21.1843179050114,638.460388099791
-55.2248342985647,-21.1852539100156,637.727300447284
-55.2251281706919,-21.1861899144054,636.994212794777
-55.2254220465191,-21.1871259181807,636.26112514227
-55.2257159260464,-21.1880619213415,635.528037489763
-55.226009809274,-21.1889979238878,634.794949837257
-55.2263036962022,-21.1899339258195,634.06186218475
-55.2265975868312,-21.1908699271366,633.328774532243
-55.2268914811612,-21.1918059278391,632.595686879736
-55.2271853791925,-21.1927419279268,631.862599227229
-55.2274792809252,-21.1936779273999,631.129511574722
-55.2277731863596,-21.1946139262582,630.396423922215
-55.2280670954959,-21.1955499245018,629.663336269709
-55.2283610083344,-21.1964859221305,628.930248617202
-55.2286549248752,-21.1974219191444,628.197160964695
-55.2289488451186,-21.1983579155434,627.464073312188
-55.2292427690648,-21.1992939113275,626.730985659681
-55.229536696714,-21.2002299064966,625.997898007174
-55.2298306280665,-21.2011659010508,625.264810354667
-55.2301245631225,-21.2021018949899,624.531722702161
-55.2304185018821,-21.203037888314,623.798635049654
-55.2307124443457,-21.203973881023,623.065547397147
-55.2310063905134,-21.2049098731168,622.33245974464
-55.2313003403856,-21.2058458645955,621.599372092133
-55.2315942939623,-21.206781855459,620.866284439626
-55.2318882512438,-21.2077178457072,620.13319678712
-55.2321822122304,-21.2086538353402,619.400109134613
-55.2324761769223,-21.2095898243579,618.667021482106
-55.2327701453196,-21.2105258127603,617.933933829599
-55.2330641174227,-21.2114618005473,617.200846177092
-55.2333580932317,-21.2123977877189,616.467758524585
-55.2336520727469,-21.213333774275,615.734670872078
-55.2339460559685,-21.2142697602157,615.001583219572
-55.2342400428966,-21.2152057455408,614.268495567065
-55.2345340335317,-21.2161417302505,613.535407914558
-55.2348280278737,-21.2170777143445,612.802320262051
-55.2351220259231,-21.2180136978229,612.069232609544
-55.23541602768,-21.2189496806857,611.336144957037
-55.2357100331446,-21.2198856629328,610.60305730453
-55.2360040423172,-21.2208216445642,609.869969652024
-55.236315235725,-21.2217551013601,609.599999073408
-55.2367094561719,-21.2226577491756,609.599999073408
-55.2371536933852,-21.2235401130347,610.225122448543
-55.237598212609,-21.2244223496985,610.904638518766
-55.2380427371184,-21.2253045850996,611.584154588988
-55.2384872669136,-21.2261868192377,612.263670659211
-55.238931801995,-21.227069052113,612.943186729433
-55.2393763423628,-21.2279512837252,613.622702799656
-55.2398208880173,-21.2288335140743,614.302218869879
-55.2402654389589,-21.2297157431602,614.981734940101
-55.2407099951877,-21.230597970983,615.661251010324
-55.2411545567042,-21.2314801975424,616.340767080547
-55.2415991235086,-21.2323624228385,617.020283150769
-55.2420436956012,-21.2332446468711,617.699799220992
-55.2424882729823,-21.2341268696403,618.379315291215
-55.2429328556523,-21.2350090911459,619.058831361437
-55.2433774436113,-21.2358913113878,619.73834743166
-55.2438220368597,-21.236773530366,620.417863501882
-55.2442666353979,-21.2376557480804,621.097379572105
-55.244711239226,-21.238537964531,621.776895642328
-55.2451558483444,-21.2394201797176,622.45641171255
-55.2456004627534,-21.2403023936402,623.135927782773
-55.2460450824533,-21.2411846062988,623.815443852996
-55.2464897074443,-21.2420668176933,624.494959923218
-55.2469343377268,-21.2429490278235,625.174475993441
-55.2473789733012,-21.2438312366895,625.853992063664
-55.2478236141676,-21.2447134442911,626.533508133886
-55.2482682603263,-21.2455956506283,627.213024204109
-55.2487129117777,-21.246477855701,627.892540274331
-55.2491575685221,-21.2473600595091,628.572056344554
-55.2496022305598,-21.2482422620527,629.251572414777
-55.250046897891,-21.2491244633315,629.931088484999
-55.250491570516,-21.2500066633456,630.610604555222
-55.2509362484352,-21.2508888620948,631.290120625445
-55.2513809316489,-21.2517710595791,631.969636695667
-55.2518256201573,-21.2526532557985,632.64915276589
-55.2522703139608,-21.2535354507528,633.328668836113
-55.2527150130595,-21.254417644442,634.008184906335
-55.253159717454,-21.255299836866,634.687700976558
-55.2536044271443,-21.2561820280247,635.36721704678
-55.2540491421309,-21.2570642179181,636.046733117003
-55.2544938624141,-21.2579464065462,636.726249187226
-55.254938587994,-21.2588285939087,637.405765257448
-55.2553833188711,-21.2597107800057,638.085281327671
-55.2558280550456,-21.2605929648371,638.764797397894
-55.2562727965178,-21.2614751484029,639.444313468116
-55.256717543288,-21.2623573307028,640.123829538339
-55.2571622953566,-21.263239511737,640.803345608561
-55.2576070527237,-21.2641216915053,641.482861678784
-55.2580518153898,-21.2650038700076,642.162377749007
-55.2584965833551,-21.2658860472439,642.841893819229
-55.2589413566198,-21.2667682232141,643.521409889452
-55.2593861351844,-21.2676503979181,644.200925959675
-55.2598309190491,-21.2685325713559,644.880442029897
-55.2602757082141,-21.2694147435274,645.55995810012
-55.2607205026799,-21.2702969144325,646.239474170343
-55.2611653024466,-21.2711790840711,646.918990240565
-55.2616101075146,-21.2720612524433,647.598506310788
-55.2620549178842,-21.2729434195488,648.27802238101
-55.2624997335557,-21.2738255853877,648.957538451233
-55.2629445545294,-21.2747077499598,649.637054521456
-55.2633893808055,-21.2755899132652,650.316570591678
-55.2638342123844,-21.2764720753037,650.996086661901
-55.2642790492664,-21.2773542360752,651.675602732124
-55.2647238914518,-21.2782363955797,652.355118802346
-55.2651687389671,-21.2791185538692,653.034634872569
-55.2656135917605,-21.2800007108403,653.714150942792
-55.2660584498582,-21.2808828665442,654.393667013014
-55.2665033132604,-21.2817650209808,655.073183083237
-55.2669481819674,-21.28264717415,655.75269915346
-55.2673930559797,-21.2835293260518,656.432215223682
-55.2678379352973,-21.2844114766862,657.111731293905
-55.2682828199208,-21.2852936260529,657.791247364127
-55.2687277098502,-21.286175774152,658.47076343435
-55.269172605086,-21.2870579209834,659.150279504573
-55.2696175056285,-21.2879400665469,659.829795574795
-55.2700624114779,-21.2888222108427,660.509311645018
-55.2705073226345,-21.2897043538705,661.188827715241
-55.2709522390986,-21.2905864956303,661.868343785463
-55.2713971608706,-21.2914686361221,662.547859855686
-55.2718420879507,-21.2923507753457,663.227375925909
-55.2722870203393,-21.2932329133012,663.906891996131
-55.2727319580365,-21.2941150499883,664.586408066354
-55.2731769010428,-21.2949971854071,665.265924136576
-55.2736218493584,-21.2958793195575,665.945440206799
-55.2740668029836,-21.2967614524394,666.624956277022
-55.2745117619188,-21.2976435840528,667.304472347244
-55.2749567261641,-21.2985257143975,667.983988417467
-55.27540169572,-21.2994078434736,668.66350448769
-55.2758466705867,-21.3002899712808,669.343020557912
-55.2762916507644,-21.3011720978193,670.022536628135
-55.2767366362536,-21.3020542230888,670.702052698358
-55.2771816270545,-21.3029363470894,671.38156876858
-55.2776266231673,-21.3038184698209,672.061084838803
-55.2780716245925,-21.3047005912833,672.740600909025
-55.2785166313303,-21.3055827114765,673.420116979248
-55.2789616433809,-21.3064648304004,674.099633049471
-55.2794066607448,-21.307346948055,674.779149119693
-55.2798516834221,-21.3082290644403,675.458665189916
-55.2802967114132,-21.309111179556,676.138181260139
-55.2807417447184,-21.3099932934022,676.817697330361
-55.281186783338,-21.3108754059788,677.497213400584
-55.2816318272723,-21.3117575172858,678.176729470806
-55.2820768765215,-21.312639627323,678.856245541029
-55.282521931086,-21.3135217360903,679.535761611252
-55.2829669909661,-21.3144038435878,680.215277681474
-55.2834120561621,-21.3152859498153,680.894793751697
-55.2838571266742,-21.3161680547728,681.57430982192
-55.2843022025028,-21.3170501584602,682.253825892142
-55.2847472836481,-21.3179322608774,682.933341962365
-55.2851923701106,-21.3188143620244,683.612858032588
-55.2856374618903,-21.319696461901,684.29237410281
-55.2860825589878,-21.3205785605073,684.971890173033
-55.2865276614032,-21.3214606578431,685.651406243255
-55.2869727691368,-21.3223427539085,686.330922313478
-55.287417882189,-21.3232248487032,687.010438383701
-55.2878630005601,-21.3241069422272,687.689954453923
-55.2883081242502,-21.3249890344805,688.369470524146
-55.2887532532599,-21.3258711254631,689.048986594369
-55.2891983875893,-21.3267532151747,689.728502664591
-55.2896435272387,-21.3276353036154,690.408018734814
-55.2900886722085,-21.3285173907851,691.087534805037
-55.2905338224989,-21.3293994766837,691.767050875259
-55.2909789781102,-21.3302815613112,692.446566945482
-55.2914241390428,-21.3311636446674,693.126083015704
-55.2918693052969,-21.3320457267523,693.805599085927
-55.2923144768728,-21.3329278075659,694.48511515615
-55.2927596537709,-21.333809887108,695.164631226372
-55.2932048359914,-21.3346919653786,695.844147296595
-55.2936500235346,-21.3355740423777,696.523663366818
-55.2940952164009,-21.3364561181051,697.20317943704
-55.2945404145904,-21.3373381925608,697.882695507263
-55.2949856181036,-21.3382202657447,698.562211577486
-55.2954308269407,-21.3391023376567,699.241727647708
-55.295876041102,-21.3399844082968,699.921243717931
-55.2963212605879,-21.3408664776649,700.600759788153
-55.2967664853985,-21.341748545761,701.280275858376
-55.2972117155343,-21.3426306125849,701.959791928599
-55.2976569509954,-21.3435126781366,702.639307998821
-55.2981021917823,-21.344394742416,703.318824069044
-55.2985474378952,-21.3452768054231,703.998340139267
-55.2989926893343,-21.3461588671577,704.677856209489
-55.2994379461001,-21.3470409276199,705.357372279712
-55.2998832081928,-21.3479229868095,706.036888349935
-55.3003284756127,-21.3488050447264,706.716404420157
-55.3007737483601,-21.3496871013707,707.39592049038
-55.3012190264352,-21.3505691567422,708.075436560602
-55.3016643098385,-21.3514512108408,708.754952630825
-55.3021095985701,-21.3523332636666,709.434468701048
-55.3025548926305,-21.3532153152193,710.11398477127
-55.3030001920198,-21.354097365499,710.793500841493
-55.3034454967384,-21.3549794145056,711.473016911716
-55.3038908067866,-21.355861462239,712.152532981938
-55.3043361221647,-21.3567435086991,712.832049052161
-55.304781442873,-21.3576255538859,713.511565122384
-55.3052267689117,-21.3585075977992,714.191081192606
-55.3056721002813,-21.3593896404391,714.870597262829
-55.3061174369819,-21.3602716818055,715.550113333051
-55.3065627790139,-21.3611537218982,716.229629403274
-55.3070081263775,-21.3620357607172,716.909145473497
-55.3074534790731,-21.3629177982625,717.588661543719
-55.307898837101,-21.363799834534,718.268177613942
-55.3083442004615,-21.3646818695316,718.947693684165
-55.3087895691548,-21.3655639032551,719.627209754387
-55.3092349431813,-21.3664459357047,720.30672582461
-55.3096803225413,-21.3673279668801,720.986241894833
-55.310125707235,-21.3682099967814,721.665757965055
-55.3105710972628,-21.3690920254084,722.345274035278
-55.311016492625,-21.3699740527611,723.0247901055
-55.3114618933218,-21.3708560788394,723.704306175723
-55.3119072993536,-21.3717381036433,724.383822245946
-55.3123527107206,-21.3726201271726,725.063338316168
-55.3127981274232,-21.3735021494273,725.742854386391
-55.3132435494616,-21.3743841704073,726.422370456614
-55.3136889768362,-21.3752661901126,727.101886526836
-55.3141344095473,-21.3761482085431,727.781402597059
-55.314579847595,-21.3770302256986,728.460918667281
-55.3150252909799,-21.3779122415793,729.140434737504
-55.3154707397021,-21.3787942561849,729.819950807727
-55.3159161937619,-21.3796762695154,730.499466877949
-55.3163616531597,-21.3805582815708,731.178982948172
-55.3168071178957,-21.3814402923509,731.858499018395
-55.3172525879702,-21.3823223018557,732.538015088617
-55.3176980633836,-21.3832043100851,733.21753115884
-55.3181435441362,-21.3840863170391,733.897047229063
-55.3185890302282,-21.3849683227175,734.576563299285
-55.3190345216599,-21.3858503271204,735.256079369508
-55.3194800184316,-21.3867323302476,735.93559543973
-55.3199255205437,-21.3876143320991,736.615111509953
-55.3203710279964,-21.3884963326748,737.294627580176
-55.3208165407901,-21.3893783319746,737.974143650398
-55.3212620589249,-21.3902603299985,738.653659720621
-55.3217075824013,-21.3911423267463,739.333175790844
-55.3221531112196,-21.3920243222181,740.012691861066
-55.3225986453799,-21.3929063164137,740.692207931289
-55.3230441848827,-21.3937883093331,741.371724001512
-55.3234897297282,-21.3946703009762,742.051240071734
-55.3239352799168,-21.395552291343,742.730756141957
-55.3243808354486,-21.3964342804333,743.41027221218
-55.3248263963241,-21.3973162682471,744.089788282402
-55.3252719625435,-21.3981982547843,744.769304352625
-55.3257175341071,-21.3990802400449,745.448820422847
-55.3261631110153,-21.3999622240287,746.12833649307
-55.3266086932682,-21.4008442067358,746.807852563293
-55.3270542808663,-21.401726188166,747.487368633515
-55.3274998738098,-21.4026081683193,748.166884703738
-55.327945472099,-21.4034901471956,748.846400773961
-55.3283910757342,-21.4043721247948,749.525916844183
-55.3288366847157,-21.4052541011169,750.205432914406
-55.3292822990438,-21.4061360761618,750.884948984629
-55.3297279187189,-21.4070180499294,751.564465054851
-55.3301735437411,-21.4079000224196,752.243981125074
-55.3306191741109,-21.4087819936324,752.923497195296
-55.3310648098284,-21.4096639635677,753.603013265519
-55.3315104508941,-21.4105459322255,754.282529335742
-55.3319560973082,-21.4114278996056,754.962045405964
-55.332401749071,-21.412309865708,755.641561476187
-55.3328474061828,-21.4131918305327,756.32107754641
-55.3332930686438,-21.4140737940795,757.000593616632
-55.3337387364545,-21.4149557563484,757.680109686855
-55.3341844096151,-21.4158377173393,758.359625757078
-55.3346300881259,-21.4167196770521,759.0391418273
-55.3350757719872,-21.4176016354868,759.718657897523
-55.3355214611993,-21.4184835926434,760.398173967745
-55.3359671557624,-21.4193655485216,761.077690037968
-55.336412855677,-21.4202475031215,761.757206108191
-55.3368585609433,-21.421129456443,762.436722178413
-55.3373042715615,-21.422011408486,763.116238248636
-55.3377499875321,-21.4228933592505,763.795754318859
-55.3381957088553,-21.4237753087364,764.475270389081
-55.3386414355313,-21.4246572569435,765.154786459304
-55.3390871675605,-21.4255392038719,765.834302529526
-55.3395329049433,-21.4264211495215,766.513818599749
-55.3399786476798,-21.4273030938921,767.193334669972
-55.3404243957704,-21.4281850369838,767.872850740194
-55.3408701492154,-21.4290669787964,768.552366810417
-55.341315908015,-21.42994891933,769.23188288064
-55.3417616721697,-21.4308308585843,769.911398950862
-55.3422074416797,-21.4317127965594,770.590915021085
-55.3426532165452,-21.4325947332551,771.270431091308
-55.3430989967666,-21.4334766686715,771.94994716153
-55.3435447823442,-21.4343586028084,772.629463231753
-55.3439905732783,-21.4352405356657,773.308979301975
-55.3444363695692,-21.4361224672435,773.988495372198
-55.3448821712172,-21.4370043975415,774.668011442421
-55.3453279782225,-21.4378863265598,775.347527512643
-55.3457737905855,-21.4387682542983,776.027043582866
-55.3462196083065,-21.4396501807569,776.706559653089
-55.3466654313858,-21.4405321059355,777.386075723311
-55.3471112598237,-21.4414140298341,778.065591793534
-55.3475570936204,-21.4422959524526,778.745107863757
-55.3480029327763,-21.4431778737909,779.424623933979
-55.3484487772917,-21.444059793849,780.104140004202
-55.3488946271669,-21.4449417126268,780.783656074424
-55.3493404824021,-21.4458236301241,781.463172144647
-55.3497863429977,-21.446705546341,782.14268821487
-55.350232208954,-21.4475874612774,782.822204285092
-55.3506780802713,-21.4484693749332,783.501720355315
-55.3511239569499,-21.4493512873083,784.181236425538
-55.35156983899,-21.4502331984027,784.86075249576
-55.352015726392,-21.4511151082163,785.540268565983
-55.3524616191561,-21.4519970167489,786.219784636206
-55.3529075172828,-21.4528789240007,786.899300706428
-55.3533534207722,-21.4537608299714,787.578816776651
-55.3537993296247,-21.454642734661,788.258332846873
-55.3542452438405,-21.4555246380695,788.937848917096
-55.3546911634201,-21.4564065401967,789.617364987319
-55.3551370883636,-21.4572884410426,790.296881057541
-55.3555830186713,-21.4581703406071,790.976397127764
-55.3560289543437,-21.4590522388902,791.655913197987
-55.3564748953809,-21.4599341358918,792.335429268209
-55.3569208417833,-21.4608160316118,793.014945338432
-55.3573667935511,-21.4616979260501,793.694461408655
-55.3578127506847,-21.4625798192067,794.373977478877
-55.3582587131844,-21.4634617110815,795.0534935491
-55.3587046810505,-21.4643436016744,795.733009619322
-55.3591506542832,-21.4652254909854,796.412525689545
-55.3595966328829,-21.4661073790144,797.092041759768
-55.3600426168498,-21.4669892657613,797.77155782999
-55.3604886061843,-21.467871151226,798.451073900213
-55.3609346008867,-21.4687530354086,799.130589970436
-55.3613806009573,-21.4696349183088,799.810106040658
-55.3618266063963,-21.4705167999266,800.489622110881
-55.3622726172041,-21.4713986802621,801.169138181104
-55.362718633381,-21.472280559315,801.848654251326
-55.3631646549272,-21.4731624370853,802.528170321549
-55.363610681843,-21.474044313573,803.207686391771
-55.3640567141289,-21.4749261887779,803.887202461994
-55.364502751785,-21.4758080627001,804.566718532217
-55.3649487948117,-21.4766899353394,805.246234602439
-55.3653948432092,-21.4775718066958,805.925750672662
-55.365840896978,-21.4784536767692,806.605266742885
-55.3662869561181,-21.4793355455595,807.284782813107
-55.3667330206301,-21.4802174130667,807.96429888333
-55.3671790905141,-21.4810992792906,808.643814953552
-55.3676251657704,-21.4819811442313,809.323331023775
-55.3680712463995,-21.4828630078886,810.002847093998
-55.3685173324015,-21.4837448702625,810.68236316422
-55.3689634237767,-21.4846267313529,811.361879234443
-55.3694095205255,-21.4855085911597,812.041395304666
-55.3698556226482,-21.4863904496829,812.720911374888
-55.3703017301451,-21.4872723069224,813.400427445111
-55.3707478430164,-21.4881541628781,814.079943515334
-55.3711939612625,-21.4890360175499,814.759459585556
-55.3716400848836,-21.4899178709378,815.438975655779
-55.3720862138801,-21.4907997230418,816.118491726001
-55.3725323482523,-21.4916815738616,816.798007796224
-55.3729784880004,-21.4925634233974,817.477523866447
-55.3734246331248,-21.4934452716489,818.157039936669
-55.3738707836258,-21.4943271186161,818.836556006892
-55.3743169395036,-21.495208964299,819.516072077115
-55.3747631007586,-21.4960908086975,820.195588147337
-55.3752092673911,-21.4969726518115,820.87510421756
-55.3756554394013,-21.497854493641,821.554620287783
-55.3761016167896,-21.4987363341858,822.234136358005
-55.3765477995563,-21.4996181734459,822.913652428228
-55.3769939877016,-21.5005000114212,823.59316849845
-55.3774401812259,-21.5013818481117,824.272684568673
-55.3778863801294,-21.5022636835173,824.952200638896
-55.3783325844125,-21.5031455176379,825.631716709118
-55.3787787940755,-21.5040273504735,826.311232779341
-55.3792250091187,-21.5049091820239,826.990748849564
-55.3796712295423,-21.5057910122891,827.670264919786
-55.3801174553467,-21.5066728412691,828.349780990009
-55.3805636865321,-21.5075546689637,829.029297060232
-55.3810099230989,-21.5084364953729,829.708813130454
-55.3814561650474,-21.5093183204967,830.388329200677
-55.3819024123778,-21.5102001443348,831.0678452709
-55.3823486650906,-21.5110819668874,831.747361341122
-55.3827949231858,-21.5119637881543,832.426877411345
-55.383241186664,-21.5128456081354,833.106393481567
-55.3836874555253,-21.5137274268307,833.78590955179
-55.3841337297701,-21.51460924424,834.465425622013
-55.3845800093987,-21.5154910603634,835.144941692235
-55.3850262944113,-21.5163728752008,835.824457762458
-55.3854725848083,-21.517254688752,836.503973832681
-55.38591888059,-21.5181365010171,837.183489902903
-55.3863651817566,-21.5190183119959,837.863005973126
-55.3868114883085,-21.5199001216883,838.542522043349
-55.387257800246,-21.5207819300944,839.222038113571
-55.3877041175693,-21.521663737214,839.901554183794
-55.3881504402789,-21.522545543047,840.581070254016
-55.3885967683749,-21.5234273475935,841.260586324239
-55.3890431018576,-21.5243091508532,841.940102394462
-55.3894894407275,-21.5251909528262,842.619618464684
-55.3899357849847,-21.5260727535124,843.299134534907
-55.3903821346296,-21.5269545529117,843.97865060513
-55.3908284896625,-21.527836351024,844.658166675352
-55.3912748500836,-21.5287181478493,845.337682745575
-55.3917212158933,-21.5295999433874,846.017198815797
-55.3921675870919,-21.5304817376384,846.69671488602
-55.3926139636797,-21.5313635306021,847.376230956243
-55.393060345657,-21.5322453222786,848.055747026465
-55.393506733024,-21.5331271126676,848.735263096688
-55.3939531257811,-21.5340089017691,849.414779166911
-55.3943995239286,-21.5348906895832,850.094295237133
-55.3948459274668,-21.5357724761096,850.773811307356
-55.3952923363959,-21.5366542613483,851.453327377579
-55.3957387507163,-21.5375360452993,852.132843447801
-55.3961851704283,-21.5384178279625,852.812359518024
-55.3966315955322,-21.5392996093378,853.491875588246
-55.3970780260283,-21.5401813894251,854.171391658469
-55.3975244619169,-21.5410631682244,854.850907728692
-55.3979709031982,-21.5419449457356,855.530423798914
-55.3984173498726,-21.5428267219587,856.209939869137
-55.3988638019405,-21.5437084968934,856.88945593936
-55.399310259402,-21.5445902705399,857.568972009582
-55.3997567222574,-21.545472042898,858.248488079805
-55.4002031905072,-21.5463538139676,858.928004150028
-55.4006496641516,-21.5472355837487,859.60752022025
-55.4010961431908,-21.5481173522412,860.287036290473
-55.4015426276253,-21.5489991194451,860.966552360695
-55.4019891174552,-21.5498808853602,861.646068430918
-55.4024356126809,-21.5507626499865,862.325584501141
-55.4028821133027,-21.5516444133239,863.005100571363
-55.4033286193209,-21.5525261753723,863.684616641586
-55.4037751307358,-21.5534079361317,864.364132711809
-55.4042216475477,-21.5542896956021,865.043648782031
-55.4046681697569,-21.5551714537833,865.723164852254
-55.4051146973637,-21.5560532106752,866.402680922477
-55.4055612303684,-21.5569349662778,867.082196992699
-55.4060077687713,-21.5578167205911,867.761713062922
-55.4064543125726,-21.5586984736149,868.441229133144
-55.4069008617728,-21.5595802253491,869.120745203367
-55.4073474163721,-21.5604619757938,869.80026127359
-55.4077939763708,-21.5613437249489,870.479777343812
-55.4082405417692,-21.5622254728142,871.159293414035
-55.4086871125675,-21.5631072193897,871.838809484258
-55.4091336887662,-21.5639889646753,872.51832555448
-55.4095802703655,-21.5648707086709,873.197841624703
-55.4100268573657,-21.5657524513766,873.877357694926
-55.4104734497671,-21.5666341927922,874.556873765148
-55.4109200475701,-21.5675159329176,875.236389835371
-55.4113666507748,-21.5683976717527,875.915905905593
-55.4118132593816,-21.5692794092976,876.595421975816
-55.4122598733909,-21.5701611455521,877.274938046039
-55.4127064928028,-21.5710428805162,877.954454116261
-55.4131531176178,-21.5719246141897,878.633970186484
-55.4135997478361,-21.5728063465727,879.313486256707
-55.414046383458,-21.573688077665,879.993002326929
-55.4144930244838,-21.5745698074666,880.672518397152
-55.4149396709138,-21.5754515359774,881.352034467375
-55.4153863227483,-21.5763332631973,882.031550537597
-55.4158329799877,-21.5772149891263,882.71106660782
-55.4162796426322,-21.5780967137642,883.390582678042
-55.4167263106821,-21.5789784371111,884.070098748265
-55.4171729841377,-21.5798601591668,884.749614818488
-55.4176196629994,-21.5807418799313,885.42913088871
-55.4180663472674,-21.5816235994046,886.108646958933
-55.418513036942,-21.5825053175864,886.788163029156
-55.4189597320235,-21.5833870344768,887.467679099378
-55.4194064325123,-21.5842687500757,888.147195169601
-55.4198531384085,-21.585150464383,888.826711239824
-55.4202998497127,-21.5860321773987,889.506227310046
-55.4207465664249,-21.5869138891227,890.185743380269
-55.4211932885456,-21.5877955995548,890.865259450491
-55.421640016075,-21.5886773086951,891.544775520714
-55.4220867490135,-21.5895590165435,892.224291590937
-55.4225334873613,-21.5904407230998,892.903807661159
-55.4229802311187,-21.5913224283641,893.583323731382
-55.4234269802861,-21.5922041323362,894.262839801605
-55.4238737348637,-21.5930858350161,894.942355871827
-55.4243204948518,-21.5939675364038,895.62187194205
-55.4247672602508,-21.594849236499,896.301388012272
-55.4252140310609,-21.5957309353019,896.980904082495
-55.4256608072825,-21.5966126328122,897.660420152718
-55.4261075889159,-21.5974943290299,898.33993622294
-55.4265543759612,-21.5983760239551,899.019452293163
-55.427001168419,-21.5992577175875,899.698968363386
-55.4274479662893,-21.6001394099271,900.378484433608
-55.4278947695727,-21.6010211009738,901.058000503831
-55.4283415782693,-21.6019027907276,901.737516574054
-55.4287883923794,-21.6027844791884,902.417032644276
-55.4292352119034,-21.6036661663562,903.096548714499
-55.4296820368415,-21.6045478522308,903.776064784721
-55.4301288671942,-21.6054295368122,904.455580854944
-55.4305757029615,-21.6063112201003,905.135096925167
-55.431022544144,-21.6071929020951,905.814612995389
-55.4314693907418,-21.6080745827964,906.494129065612
-55.4319162427552,-21.6089562622042,907.173645135835
-55.4323631001847,-21.6098379403185,907.853161206057
-55.4328099630304,-21.6107196171391,908.53267727628
-55.4332568312927,-21.611601292666,909.212193346503
-55.4337037049718,-21.6124829668991,909.891709416725
-55.4341505840681,-21.6133646398384,910.571225486948
-55.4345974685819,-21.6142463114837,911.250741557171
-55.4350443585135,-21.6151279818351,911.930257627393
-55.4354912538631,-21.6160096508924,912.609773697616
-55.4359381546312,-21.6168913186555,913.289289767838
-55.4363850608179,-21.6177729851244,913.968805838061
-55.4368356764772,-21.6186539357282,914.399998610112
-55.4373539806685,-21.619500357295,914.399998610112
-55.4379522397695,-21.6202993412388,914.399998610112
-55.4386255248113,-21.6210443031612,914.399998610112
-55.4393682882831,-21.6217291037617,914.399998610112
-55.4401744098329,-21.622348099453,914.399998610112
-55.4410372466992,-21.622896188893,914.399998610112
-55.4419496884599,-21.6233688550472,914.399998610112
-55.4429042156438,-21.6237622024359,914.399998610112
-55.4438929617243,-21.6240729892568,914.399998610112
-55.4449077779811,-21.6242986541187,914.399998610112
-55.4459403006948,-21.624437337164,914.399998610112
-55.4469800516795,-21.6245195440625,914.399998610112
-55.4480199164292,-21.6246007012437,914.399998610112
-55.4490597822981,-21.6246818519177,914.399998610112
-55.4500996493281,-21.6247629960877,914.399998610112
-55.4511395175188,-21.6248441337538,914.399998610112
-55.4521793868703,-21.6249252649157,914.399998610112
-55.4532192573824,-21.6250063895736,914.399998610112
-55.4542591290551,-21.6250875077274,914.399998610112
-55.4552990018883,-21.6251686193771,914.399998610112
-55.4563388758818,-21.6252497245226,914.399998610112
-55.4573787510357,-21.6253308231638,914.399998610112
-55.4584186273498,-21.6254119153008,914.399998610112
-55.459458504824,-21.6254930009336,914.399998610112
-55.4604983834583,-21.625574080062,914.399998610112
-55.4615382632525,-21.6256551526861,914.399998610112
-55.4625781442066,-21.6257362188058,914.399998610112
-55.4636180263205,-21.625817278421,914.399998610112
-55.464657909594,-21.6258983315318,914.399998610112
-55.4656977940272,-21.6259793781382,914.399998610112
-55.4667376796199,-21.62606041824,914.399998610112
-55.4677775663721,-21.6261414518373,914.399998610112
-55.4688174542836,-21.62622247893,914.399998610112
-55.4698573433543,-21.626303499518,914.399998610112
-55.4708972335843,-21.6263845136014,914.399998610112
-55.4719371249733,-21.6264655211801,914.399998610112
-55.4729770175213,-21.6265465222541,914.399998610112
-55.4740169112282,-21.6266275168234,914.399998610112
-55.475056806094,-21.6267085048878,914.399998610112
-55.4760967021185,-21.6267894864475,914.399998610112
-55.4771365993017,-21.6268704615023,914.399998610112
-55.4781764976434,-21.6269514300521,914.399998610112
-55.4792163971436,-21.6270323920971,914.399998610112
-55.4802562978022,-21.6271133476371,914.399998610112
-55.4812961996191,-21.6271942966721,914.399998610112
-55.4823361025942,-21.6272752392021,914.399998610112
-55.4833760067274,-21.627356175227,914.399998610112
-55.4844159120187,-21.6274371047469,914.399998610112
-55.485455818468,-21.6275180277616,914.399998610112
-55.4864957260751,-21.6275989442711,914.399998610112
-55.48753563484,-21.6276798542754,914.399998610112
-55.4885755447626,-21.6277607577746,914.399998610112
-55.4896154558428,-21.6278416547684,914.399998610112
-55.4906553680805,-21.627922545257,914.399998610112
-55.4916952814757,-21.6280034292402,914.399998610112
-55.4927351960282,-21.6280843067181,914.399998610112
-55.4937751117379,-21.6281651776905,914.399998610112
-55.4948150286049,-21.6282460421576,914.399998610112
-55.4958549466289,-21.6283269001191,914.399998610112
-55.4968948658099,-21.6284077515752,914.399998610112
-55.4979347861479,-21.6284885965257,914.399998610112
-55.4989747076427,-21.6285694349707,914.399998610112
-55.5000146302942,-21.6286502669101,914.399998610112
-55.5010545541023,-21.6287310923438,914.399998610112
-55.502094479067,-21.6288119112718,914.399998610112
-55.5031344051882,-21.6288927236942,914.399998610112
-55.5041743324658,-21.6289735296108,914.399998610112
-55.5052142608997,-21.6290543290217,914.399998610112
-55.5062541904898,-21.6291351219267,914.399998610112
-55.5072941212361,-21.6292159083259,914.399998610112
-55.5083340531384,-21.6292966882193,914.399998610112
-55.5093739861966,-21.6293774616067,914.399998610112
-55.5104139204107,-21.6294582284882,914.399998610112
-55.5114538557806,-21.6295389888637,914.399998610112
-55.5124937923062,-21.6296197427332,914.399998610112
-55.5135337299874,-21.6297004900967,914.399998610112
-55.5145736688241,-21.6297812309541,914.399998610112
-55.5156136088162,-21.6298619653054,914.399998610112
-55.5166535499637,-21.6299426931505,914.399998610112
-55.5176934922665,-21.6300234144895,914.399998610112
-55.5187334357244,-21.6301041293223,914.399998610112
-55.5197733803374,-21.6301848376488,914.399998610112
-55.5208133261054,-21.630265539469,914.399998610112
-55.5218532730283,-21.630346234783,914.399998610112
-55.522893221106,-21.6304269235906,914.399998610112
-55.5239331703385,-21.6305076058918,914.399998610112
-55.5249731207256,-21.6305882816866,914.399998610112
-55.5260130722673,-21.6306689509749,914.399998610112
-55.5270530249635,-21.6307496137568,914.399998610112
-55.528092978814,-21.6308302700322,914.399998610112
-55.5291329338189,-21.630910919801,914.399998610112
-55.5301728899779,-21.6309915630632,914.399998610112
-55.5312128472911,-21.6310721998188,914.399998610112
-55.5322528057583,-21.6311528300678,914.399998610112
-55.5332927653795,-21.6312334538101,914.399998610112
-55.5343327261546,-21.6313140710456,914.399998610112
-55.5353726880834,-21.6313946817745,914.399998610112
-55.5364126511659,-21.6314752859965,914.399998610112
-55.537452615402,-21.6315558837117,914.399998610112
-55.5384925807917,-21.6316364749201,914.399998610112
-55.5395325473347,-21.6317170596216,914.399998610112
-55.5405725150311,-21.6317976378162,914.399998610112
-55.5416124838808,-21.6318782095038,914.399998610112
-55.5426524538836,-21.6319587746844,914.399998610112
-55.5436924250395,-21.632039333358,914.399998610112
-55.5447323973484,-21.6321198855246,914.399998610112
-55.5457723708103,-21.6322004311841,914.399998610112
-55.5468123454249,-21.6322809703364,914.399998610112
-55.5478523211923,-21.6323615029816,914.399998610112
-55.5488922981123,-21.6324420291196,914.399998610112
-55.5499322761849,-21.6325225487504,914.399998610112
-55.5509722554099,-21.632603061874,914.399998610112
-55.5520122357873,-21.6326835684902,914.399998610112
-55.5530522173171,-21.6327640685991,914.399998610112
-55.554092199999,-21.6328445622007,914.399998610112
-55.5551321838331,-21.6329250492949,914.399998610112
-55.5561721688192,-21.6330055298817,914.399998610112
-55.5572121549572,-21.633086003961,914.399998610112
-55.5582521422471,-21.6331664715328,914.399998610112
-55.5592921306888,-21.6332469325971,914.399998610112
-55.5603321202821,-21.6333273871538,914.399998610112
-55.5613721110271,-21.6334078352029,914.399998610112
-55.5624121029236,-21.6334882767444,914.399998610112
-55.5634520959715,-21.6335687117783,914.399998610112
-55.5644920901708,-21.6336491403044,914.399998610112
-55.5655320855212,-21.6337295623229,914.399998610112
-55.5665720820229,-21.6338099778336,914.399998610112
-55.5676120796757,-21.6338903868364,914.399998610112
-55.5686520784794,-21.6339707893315,914.399998610112
-55.569692078434,-21.6340511853187,914.399998610112
-55.5707320795395,-21.634131574798,914.399998610112
-55.5717720817956,-21.6342119577693,914.399998610112
-55.5728120852025,-21.6342923342328,914.399998610112
-55.5738520897598,-21.6343727041882,914.399998610112
-55.5748920954677,-21.6344530676356,914.399998610112
-55.5759321023259,-21.6345334245749,914.399998610112
-55.5769721103344,-21.6346137750061,914.399998610112
-55.5780121194931,-21.6346941189292,914.399998610112
-55.579052129802,-21.6347744563441,914.399998610112
-55.5800921412608,-21.6348547872509,914.399998610112
-55.5811321538696,-21.6349351116494,914.399998610112
-55.5821721676283,-21.6350154295396,914.399998610112
-55.5832121825367,-21.6350957409216,914.399998610112
-55.5842521985949,-21.6351760457952,914.399998610112
-55.5852922158026,-21.6352563441604,914.399998610112
-55.5863322341598,-21.6353366360173,914.399998610112
-55.5873722536664,-21.6354169213657,914.399998610112
-55.5884122743224,-21.6354972002056,914.399998610112
-55.5894522961276,-21.6355774725371,914.399998610112
-55.590492319082,-21.63565773836,914.399998610112
-55.5915323431855,-21.6357379976744,914.399998610112
-55.5925723684379,-21.6358182504801,914.399998610112
-55.5936123948393,-21.6358984967772,914.399998610112
-55.5946524223894,-21.6359787365657,914.399998610112
-55.5956924510883,-21.6360589698454,914.399998610112
-55.5967324809358,-21.6361391966164,914.399998610112
-55.5977725119318,-21.6362194168787,914.399998610112
-55.5988125440764,-21.6362996306321,914.399998610112
-55.5998525773692,-21.6363798378767,914.399998610112
-55.6008926118104,-21.6364600386125,914.399998610112
-55.6019326473998,-21.6365402328393,914.399998610112
-55.6029726841373,-21.6366204205572,914.399998610112
-55.6040127220228,-21.6367006017662,914.399998610112
-55.6050527610563,-21.6367807764661,914.399998610112
-55.6060928012376,-21.636860944657,914.399998610112
-55.6071328425666,-21.6369411063388,914.399998610112
-55.6081728850434,-21.6370212615115,914.399998610112
-55.6092129286677,-21.6371014101751,914.399998610112
-55.6102529734396,-21.6371815523295,914.399998610112
-55.6112930193588,-21.6372616879747,914.399998610112
-55.6123330664254,-21.6373418171107,914.399998610112
-55.6133731146392,-21.6374219397374,914.399998610112
-55.6144131640002,-21.6375020558548,914.399998610112
-55.6154532145082,-21.6375821654629,914.399998610112
-55.6164932661632,-21.6376622685615,914.399998610112
-55.6175333189652,-21.6377423651508,914.399998610112
-55.6185733729139,-21.6378224552307,914.399998610112
-55.6196134280093,-21.637902538801,914.399998610112
-55.6206534842514,-21.6379826158619,914.399998610112
-55.62169354164,-21.6380626864132,914.399998610112
-55.622733600175,-21.638142750455,914.399998610112
-55.6237736598564,-21.6382228079871,914.399998610112
-55.6248137206841,-21.6383028590096,914.399998610112
-55.625853782658,-21.6383829035224,914.399998610112
-55.626893845778,-21.6384629415256,914.399998610112
-55.6279339100441,-21.638542973019,914.399998610112
-55.628973975456,-21.6386229980026,914.399998610112
-55.6300140420138,-21.6387030164764,914.399998610112
-55.6310541097174,-21.6387830284403,914.399998610112
-55.6320941785666,-21.6388630338944,914.399998610112
-55.6331342485614,-21.6389430328386,914.399998610112
-55.6341743197017,-21.6390230252728,914.399998610112
-55.6352143919874,-21.6391030111971,914.399998610112
-55.6362544654184,-21.6391829906113,914.399998610112
-55.6372945399947,-21.6392629635156,914.399998610112
-55.6383346157161,-21.6393429299097,914.399998610112
-55.6393746925826,-21.6394228897937,914.399998610112
-55.640414770594,-21.6395028431676,914.399998610112
-55.6414548497503,-21.6395827900313,914.399998610112
-55.6424949300515,-21.6396627303848,914.399998610112
-55.6435350114973,-21.6397426642281,914.399998610112
-55.6445750940877,-21.6398225915611,914.399998610112
-55.6456151778227,-21.6399025123837,914.399998610112
-55.6466552627021,-21.6399824266961,914.399998610112
-55.6476953487259,-21.640062334498,914.399998610112
-55.648735435894,-21.6401422357896,914.399998610112
-55.6497755242063,-21.6402221305707,914.399998610112
-55.6508156136626,-21.6403020188413,914.399998610112
-55.651855704263,-21.6403819006014,914.399998610112
-55.6528957960073,-21.640461775851,914.399998610112
-55.6539358888954,-21.64054164459,914.399998610112
-55.6549759829272,-21.6406215068184,914.399998610112
-55.6560160781028,-21.6407013625361,914.399998610112
-55.6570561744219,-21.6407812117432,914.399998610112
-55.6580962718845,-21.6408610544395,914.399998610112
-55.6591363704905,-21.6409408906252,914.399998610112
-55.6601764702398,-21.6410207203,914.399998610112
-55.6612165711323,-21.641100543464,914.399998610112
-55.662256673168,-21.6411803601172,914.399998610112
-55.6632967763467,-21.6412601702595,914.399998610112
-55.6643368806683,-21.6413399738909,914.399998610112
-55.6653769861329,-21.6414197710113,914.399998610112
-55.6664170927402,-21.6414995616208,914.399998610112
-55.6674572004903,-21.6415793457193,914.399998610112
-55.6684973093829,-21.6416591233067,914.399998610112
-55.6695374194181,-21.641738894383,914.399998610112
-55.6705775305958,-21.6418186589482,914.399998610112
-55.6716176429157,-21.6418984170023,914.399998610112
-55.672657756378,-21.6419781685452,914.399998610112
-55.6736978709824,-21.6420579135769,914.399998610112
-55.6747379867289,-21.6421376520973,914.399998610112
-55.6757781036174,-21.6422173841065,914.399998610112
-55.6768182216478,-21.6422971096044,914.399998610112
-55.6778583408201,-21.6423768285909,914.399998610112
-55.678898461134,-21.642456541066,914.399998610112
-55.6799385825897,-21.6425362470297,914.399998610112
-55.6809787051869,-21.642615946482,914.399998610112
-55.6820188289256,-21.6426956394228,914.399998610112
-55.6830589538057,-21.6427753258521,914.399998610112
-55.684099079827,-21.6428550057698,914.399998610112
-55.6851392069896,-21.642934679176,914.399998610112
-55.6861793352934,-21.6430143460705,914.399998610112
-55.6872194647381,-21.6430940064534,914.399998610112
-55.6882595953238,-21.6431736603246,914.399998610112
-55.6892997270504,-21.6432533076842,914.399998610112
-55.6903398599178,-21.6433329485319,914.399998610112
-55.6913799939258,-21.6434125828679,914.399998610112
-55.6924201290745,-21.6434922106921,914.399998610112
-55.6934602653637,-21.6435718320044,914.399998610112
-55.6945004027933,-21.6436514468049,914.399998610112
-55.6955405413632,-21.6437310550934,914.399998610112
-55.6965806810734,-21.64381065687,914.399998610112
-55.6976208219238,-21.6438902521346,914.399998610112
-55.6986609639142,-21.6439698408872,914.399998610112
-55.6997011070447,-21.6440494231278,914.399998610112
-55.700741251315,-21.6441289988563,914.399998610112
-55.7017813967252,-21.6442085680726,914.399998610112
-55.7028215432751,-21.6442881307769,914.399998610112
-55.7038616909646,-21.6443676869689,914.399998610112
-55.7049018397937,-21.6444472366488,914.399998610112
-55.7059419897622,-21.6445267798163,914.399998610112
-55.7069821408702,-21.6446063164717,914.399998610112
-55.7080222931174,-21.6446858466147,914.399998610112
-55.7090624465039,-21.6447653702453,914.399998610112
-55.7101026010294,-21.6448448873636,914.399998610112
-55.711142756694,-21.6449243979695,914.399998610112
-55.7121829134975,-21.6450039020629,914.399998610112
-55.7132230714399,-21.6450833996438,914.399998610112
-55.7142632305211,-21.6451628907123,914.399998610112
-55.7153033907409,-21.6452423752682,914.399998610112
-55.7163435520993,-21.6453218533115,914.399998610112
-55.7173837145963,-21.6454013248422,914.399998610112
-55.7184238782316,-21.6454807898602,914.399998610112
-55.7194640430053,-21.6455602483656,914.399998610112
-55.7205042089172,-21.6456397003583,914.399998610112
-55.7215443759673,-21.6457191458382,914.399998610112
-55.7225845441555,-21.6457985848053,914.399998610112
-55.7236247134816,-21.6458780172597,914.399998610112
-55.7246648839456,-21.6459574432012,914.399998610112
-55.7257050555475,-21.6460368626298,914.399998610112
-55.726745228287,-21.6461162755455,914.399998610112
-55.7277854021642,-21.6461956819482,914.399998610112
-55.7288255771789,-21.646275081838,914.399998610112
-55.7298657533311,-21.6463544752148,914.399998610112
-55.7309059306207,-21.6464338620785,914.399998610112
-55.7319461090475,-21.6465132424292,914.399998610112
-55.7329862886115,-21.6465926162667,914.399998610112
-55.7340264693127,-21.6466719835911,914.399998610112
-55.7350666511509,-21.6467513444023,914.399998610112
-55.7361068341259,-21.6468306987004,914.399998610112
-55.7371470182379,-21.6469100464851,914.399998610112
-55.7381872034866,-21.6469893877566,914.399998610112
-55.7392273898719,-21.6470687225148,914.399998610112
-55.7402675773939,-21.6471480507597,914.399998610112
-55.7413077660523,-21.6472273724911,914.399998610112
-55.7423479558472,-21.6473066877092,914.399998610112
-55.7433881467783,-21.6473859964138,914.399998610112
-55.7444283388457,-21.647465298605,914.399998610112
-55.7454685320493,-21.6475445942826,914.399998610112
-55.7465087263889,-21.6476238834467,914.399998610112
-55.7475489218644,-21.6477031660972,914.399998610112
-55.7485891184759,-21.6477824422341,914.399998610112
-55.7496293162231,-21.6478617118574,914.399998610112
-55.7506695151061,-21.647940974967,914.399998610112
-55.7517097151247,-21.6480202315629,914.399998610112
-55.7527499162788,-21.648099481645,914.399998610112
-55.7537901185683,-21.6481787252134,914.399998610112
-55.7548303219932,-21.648257962268,914.399998610112
-55.7558705265534,-21.6483371928087,914.399998610112
-55.7569107322488,-21.6484164168355,914.399998610112
-55.7579509390792,-21.6484956343485,914.399998610112
-55.7589911470447,-21.6485748453475,914.399998610112
-55.7600313561451,-21.6486540498325,914.399998610112
-55.7610715663803,-21.6487332478036,914.399998610112
-55.7621117777503,-21.6488124392605,914.399998610112
-55.7631519902549,-21.6488916242035,914.399998610112
-55.7641922038941,-21.6489708026323,914.399998610112
-55.7652324186677,-21.6490499745469,914.399998610112
-55.7662726345758,-21.6491291399474,914.399998610112
-55.7673128516182,-21.6492082988337,914.399998610112
-55.7683530697947,-21.6492874512058,914.399998610112
-55.7693932891055,-21.6493665970636,914.399998610112
-55.7704335095502,-21.6494457364071,914.399998610112
-55.771473731129,-21.6495248692362,914.399998610112
-55.7725139538416,-21.649603995551,914.399998610112
-55.7735541776879,-21.6496831153514,914.399998610112
-55.774594402668,-21.6497622286373,914.399998610112
-55.7756346287817,-21.6498413354088,914.399998610112
-55.7766748560289,-21.6499204356657,914.399998610112
-55.7777150844095,-21.6499995294082,914.399998610112
-55.7787553139235,-21.650078616636,914.399998610112
-55.7797955445707,-21.6501576973493,914.399998610112
-55.7808357763511,-21.6502367715479,914.399998610112
-55.7818760092646,-21.6503158392318,914.399998610112
-55.782916243311,-21.6503949004011,914.399998610112
-55.7839564784904,-21.6504739550556,914.399998610112
-55.7849967148026,-21.6505530031953,914.399998610112
-55.7860369522475,-21.6506320448203,914.399998610112
-55.7870771908251,-21.6507110799304,914.399998610112
-55.7881174305352,-21.6507901085256,914.399998610112
-55.7891576713778,-21.650869130606,914.399998610112
-55.7901979133528,-21.6509481461714,914.399998610112
-55.7912381564601,-21.6510271552218,914.399998610112
-55.7922784006996,-21.6511061577573,914.399998610112
-55.7933186460711,-21.6511851537777,914.399998610112
-55.7943588925748,-21.651264143283,914.399998610112
-55.7953991402103,-21.6513431262733,914.399998610112
-55.7964393889778,-21.6514221027484,914.399998610112
-55.797479638877,-21.6515010727083,914.399998610112
-55.7985198899078,-21.6515800361531,914.399998610112
-55.7995601420703,-21.6516589930826,914.399998610112
-55.8006003953643,-21.6517379434969,914.399998610112
-55.8016406497897,-21.6518168873958,914.399998610112
-55.8026809053464,-21.6518958247795,914.399998610112
-55.8037211620343,-21.6519747556477,914.399998610112
-55.8047614198535,-21.6520536800006,914.399998610112
-55.8058016788036,-21.652132597838,914.399998610112
-55.8068419388848,-21.65221150916,914.399998610112
-55.8078822000969,-21.6522904139665,914.399998610112
-55.8089224624397,-21.6523693122574,914.399998610112
-55.8099627259133,-21.6524482040328,914.399998610112
-55.8110029905175,-21.6525270892926,914.399998610112
-55.8120432562522,-21.6526059680368,914.399998610112
-55.8130835231174,-21.6526848402653,914.399998610112
-55.814123791113,-21.6527637059781,914.399998610112
-55.8151640602389,-21.6528425651752,914.399998610112
-55.8162043304949,-21.6529214178565,914.399998610112
-55.817244601881,-21.6530002640221,914.399998610112
-55.8182848743972,-21.6530791036718,914.399998610112
-55.8193251480433,-21.6531579368056,914.399998610112
-55.8203654228192,-21.6532367634236,914.399998610112
-55.8214056987249,-21.6533155835256,914.399998610112
-55.8224459757602,-21.6533943971117,914.399998610112
-55.8234862539252,-21.6534732041818,914.399998610112
-55.8245265332196,-21.6535520047359,914.399998610112
-55.8255668136434,-21.6536307987739,914.399998610112
-55.8266070951965,-21.6537095862958,914.399998610112
-55.8276473778789,-21.6537883673016,914.399998610112
-55.8286876616904,-21.6538671417912,914.399998610112
-55.8297279466309,-21.6539459097646,914.399998610112
-55.8307682327004,-21.6540246712219,914.399998610112
-55.8318085198988,-21.6541034261629,914.399998610112
-55.832848808226,-21.6541821745875,914.399998610112
-55.8338890976819,-21.6542609164959,914.399998610112
-55.8349293882664,-21.6543396518879,914.399998610112
-55.8359696799794,-21.6544183807635,914.399998610112
-55.8370099728209,-21.6544971031227,914.399998610112
-55.8380502667907,-21.6545758189655,914.399998610112
-55.8390905618888,-21.6546545282918,914.399998610112
-55.840130858115,-21.6547332311015,914.399998610112
-55.8411711554693,-21.6548119273947,914.399998610112
-55.8422114539517,-21.6548906171713,914.399998610112
-55.8432517535619,-21.6549693004313,914.399998610112
-55.8442920543,-21.6550479771746,914.399998610112
-55.8453323561658,-21.6551266474013,914.399998610112
-55.8463726591593,-21.6552053111113,914.399998610112
-55.8474129632803,-21.6552839683044,914.399998610112
-55.8484532685288,-21.6553626189809,914.399998610112
-55.8494935749047,-21.6554412631405,914.399998610112
-55.8505338824079,-21.6555199007832,914.399998610112
-55.8515741910383,-21.6555985319091,914.399998610112
-55.8526145007958,-21.655677156518,914.399998610112
-55.8536484696977,-21.6557552953554,914.616780764987
-55.8545401656326,-21.6558226771385,919.696781944777
-55.8554318623955,-21.6558900541336,924.776783124566
-55.8563235599863,-21.6559574263406,929.856784304355
-55.8572152584048,-21.6560247937596,934.936785484144
-55.8581069576511,-21.6560921563906,940.016786663933
-55.858998657725,-21.6561595142334,945.096787843722
-55.8598903586266,-21.6562268672882,950.176789023512
-55.8607820603558,-21.6562942155548,955.256790203301
-55.8616737629125,-21.6563615590332,960.33679138309
-55.8625654662966,-21.6564288977235,965.416792562879
-55.8634571705082,-21.6564962316256,970.496793742668
-55.8643488755471,-21.6565635607395,975.576794922458
-55.8652405814133,-21.6566308850651,980.656796102247
-55.8661322881068,-21.6566982046025,985.736797282036
-55.8670239956274,-21.6567655193516,990.816798461825
-55.8679157039752,-21.6568328293124,995.896799641614
-55.8688074131501,-21.6569001344849,1000.9768008214
-55.869699123152,-21.6569674348691,1006.05680200119
-55.8705908339808,-21.6570347304649,1011.13680318098
-55.8714825456366,-21.6571020212723,1016.21680436077
-55.8723742581192,-21.6571693072913,1021.29680554056
-55.8732659714287,-21.657236588522,1026.37680672035
-55.8741576855648,-21.6573038649641,1031.45680790014
-55.8750494005277,-21.6573711366178,1036.53680907993
-55.8759411163172,-21.657438403483,1041.61681025972
-55.8768328329333,-21.6575056655598,1046.69681143951
-55.8777245503759,-21.657572922848,1051.7768126193
-55.878616268645,-21.6576401753476,1056.85681379908
-55.8795079877405,-21.6577074230587,1061.93681497887
-55.8803997076623,-21.6577746659812,1067.01681615866
-55.8812914284105,-21.6578419041151,1072.09681733845
-55.8821831499849,-21.6579091374604,1077.17681851824
-55.8830748723855,-21.657976366017,1082.25681969803
-55.8839665956123,-21.658043589785,1087.33682087782
-55.8848583196651,-21.6581108087642,1092.41682205761
-55.885750044544,-21.6581780229548,1097.4968232374
-55.8866417702488,-21.6582452323566,1102.57682441719
-55.8875334967796,-21.6583124369697,1107.65682559698
-55.8884252241362,-21.658379636794,1112.73682677677
-55.8893169523186,-21.6584468318295,1117.81682795655
-55.8902086813268,-21.6585140220762,1122.89682913634
-55.8911004111607,-21.658581207534,1127.97683031613
-55.8919921418202,-21.6586483882031,1133.05683149592
-55.8928838733053,-21.6587155640832,1138.13683267571
-55.8937756056159,-21.6587827351744,1143.2168338555
-55.8946673387521,-21.6588499014767,1148.29683503529
-55.8955590727136,-21.6589170629901,1153.37683621508
-55.8964508075005,-21.6589842197145,1158.45683739487
-55.8973425431127,-21.65905137165,1163.53683857466
-55.8982342795502,-21.6591185187964,1168.61683975445
-55.8991260168128,-21.6591856611539,1173.69684093424
-55.9000177549006,-21.6592527987223,1178.77684211403
-55.9009094938136,-21.6593199315016,1183.85684329381
-55.9018012335515,-21.6593870594918,1188.9368444736
-55.9026929741144,-21.659454182693,1194.01684565339
-55.9035847155022,-21.659521301105,1199.09684683318
-55.9044764577149,-21.6595884147279,1204.17684801297
-55.9053682007525,-21.6596555235616,1209.25684919276
-55.9062599446147,-21.6597226276061,1214.33685037255
-55.9071516893017,-21.6597897268614,1219.41685155234
-55.9080434348134,-21.6598568213275,1224.49685273213
-55.9089351811496,-21.6599239110044,1229.57685391192
-55.9098269283103,-21.6599909958919,1234.65685509171
-55.9107186762956,-21.6600580759902,1239.7368562715
-55.9116104251052,-21.6601251512992,1244.81685745128
-55.9125021747393,-21.6601922218189,1249.89685863107
-55.9133939251976,-21.6602592875492,1254.97685981086
-55.9142856764802,-21.6603263484901,1260.05686099065
-55.9151774285871,-21.6603934046416,1265.13686217044
-55.916069181518,-21.6604604560038,1270.21686335023
-55.9169609352731,-21.6605275025765,1275.29686453002
-55.9178526898522,-21.6605945443597,1280.37686570981
-55.9187444452553,-21.6606615813535,1285.4568668896
-55.9196362014823,-21.6607286135577,1290.53686806939
-55.9205279585332,-21.6607956409725,1295.61686924918
-55.9214197164079,-21.6608626635977,1300.69687042897
-55.9223114751063,-21.6609296814334,1305.77687160875
-55.9232032346285,-21.6609966944795,1310.85687278854
-55.9240949949743,-21.661063702736,1315.93687396833
-55.9249867561438,-21.6611307062028,1321.01687514812
-55.9258785181367,-21.6611977048801,1326.09687632791
-55.9267702809532,-21.6612646987676,1331.1768775077
-55.9276620445931,-21.6613316878655,1336.25687868749
-55.9285538090563,-21.6613986721737,1341.33687986728
-55.9294455743429,-21.6614656516922,1346.41688104707
-55.9303373404527,-21.6615326264209,1351.49688222686
-55.9312291073858,-21.6615995963599,1356.57688340665
-55.932120875142,-21.6616665615091,1361.65688458644
-55.9330126437213,-21.6617335218684,1366.73688576622
-55.9339044131237,-21.661800477438,1371.81688694601
-55.934796183349,-21.6618674282177,1376.8968881258
-55.9356879543973,-21.6619343742075,1381.97688930559
-55.9365797262684,-21.6620013154075,1387.05689048538
-55.9374714989624,-21.6620682518175,1392.13689166517
-55.9383632724791,-21.6621351834377,1397.21689284496
-55.9392550468186,-21.6622021102678,1402.29689402475
-55.9401468219807,-21.662269032308,1407.37689520454
-55.9410385979654,-21.6623359495583,1412.45689638433
-55.9419303747727,-21.6624028620185,1417.53689756412
-55.9428221524024,-21.6624697696886,1422.61689874391
-55.9437139308546,-21.6625366725688,1427.6968999237
-55.9446057101292,-21.6626035706588,1432.77690110348
-55.9454974902261,-21.6626704639588,1437.85690228327
-55.9463892711452,-21.6627373524686,1442.93690346306
-55.9472810528866,-21.6628042361883,1448.01690464285
-55.9481728354501,-21.6628711151179,1453.09690582264
-55.9490646188357,-21.6629379892573,1458.17690700243
-55.9499564030434,-21.6630048586065,1463.25690818222
-55.9508481880731,-21.6630717231654,1468.33690936201
-55.9517399739247,-21.6631385829342,1473.4169105418
-55.9526317605982,-21.6632054379126,1478.49691172159
-55.9535235480935,-21.6632722881008,1483.57691290138
-55.9544153364106,-21.6633391334987,1488.65691408117
-55.9553071255494,-21.6634059741063,1493.73691526095
-55.9561989155099,-21.6634728099236,1498.81691644074
-55.957090706292,-21.6635396409505,1503.89691762053
-55.9579824978956,-21.663606467187,1508.97691880032
-55.9588742903207,-21.6636732886331,1514.05691998011
-55.9597660835673,-21.6637401052887,1519.1369211599
-55.9606578776352,-21.663806917154,1524.21692233969
-55.9615496725245,-21.6638737242288,1529.29692351948
-55.962441468235,-21.663940526513,1534.37692469927
-55.9633332647668,-21.6640073240068,1539.45692587906
-55.9642250621197,-21.6640741167101,1544.53692705885
-55.9651168602938,-21.6641409046228,1549.61692823864
-55.9660086592889,-21.664207687745,1554.69692941842
-55.9669004591049,-21.6642744660765,1559.77693059821
-55.967792259742,-21.6643412396175,1564.856931778
-55.9686840611999,-21.6644080083678,1569.93693295779
-55.9695758634786,-21.6644747723275,1575.01693413758
-55.9704676665781,-21.6645415314965,1580.09693531737
-55.9713594704984,-21.6646082858749,1585.17693649716
-55.9722512752393,-21.6646750354625,1590.25693767695
-55.9731430808008,-21.6647417802594,1595.33693885674
-55.9740348871828,-21.6648085202655,1600.41694003653
-55.9749266943854,-21.6648752554809,1605.49694121632
-55.9758185024084,-21.6649419859055,1610.57694239611
-55.9767103112518,-21.6650087115392,1615.65694357589
-55.9776021209155,-21.6650754323822,1620.73694475568
-55.9784939313995,-21.6651421484342,1625.81694593547
-55.9793857427038,-21.6652088596954,1630.89694711526
-55.9802775548281,-21.6652755661658,1635.97694829505
-55.9811693677727,-21.6653422678452,1641.05694947484
-55.9820611815372,-21.6654089647336,1646.13695065463
-55.9829529961218,-21.6654756568311,1651.21695183442
-55.9838448115263,-21.6655423441377,1656.29695301421
-55.9847366277507,-21.6656090266532,1661.376954194
-55.9856284447949,-21.6656757043777,1666.45695537379
-55.9865202626589,-21.6657423773112,1671.53695655358
-55.9874120813426,-21.6658090454536,1676.61695773337
-55.988303900846,-21.6658757088049,1681.69695891315
-55.989195721169,-21.6659423673652,1686.77696009294
-55.9900875423116,-21.6660090211343,1691.85696127273
-55.9909793642737,-21.6660756701123,1696.93696245252
-55.9918711870552,-21.6661423142991,1702.01696363231
-55.9927630106561,-21.6662089536947,1707.0969648121
-55.9936548350763,-21.6662755882991,1712.17696599189
-55.9945466603159,-21.6663422181124,1717.25696717168
-55.9954384863746,-21.6664088431343,1722.33696835147
-55.9963303132525,-21.666475463365,1727.41696953126
-55.9972221409496,-21.6665420788045,1732.49697071105
-55.9981139694657,-21.6666086894526,1737.57697189084
-55.9990057988008,-21.6666752953094,1742.65697307062
-55.9998976289548,-21.6667418963748,1747.73697425041
-56.0007894599278,-21.6668084926489,1752.8169754302
-56.0016812917195,-21.6668750841316,1757.89697660999
-56.0025731243301,-21.6669416708229,1762.97697778978
-56.0034649577594,-21.6670082527227,1768.05697896957
-56.0043567920073,-21.6670748298311,1773.13698014936
-56.0052486270739,-21.6671414021481,1778.21698132915
-56.006140462959,-21.6672079696735,1783.29698250894
-56.0070322996627,-21.6672745324074,1788.37698368873
-56.0079241371848,-21.6673410903499,1793.45698486852
-56.0088159755252,-21.6674076435007,1798.53698604831
-56.0097078146841,-21.66747419186,1803.6169872281
-56.0105996546612,-21.6675407354277,1808.69698840788
-56.0114914954565,-21.6676072742038,1813.77698958767
-56.01238333707,-21.6676738081882,1818.85699076746
-56.0132751795016,-21.667740337381,1823.93699194725
-56.0141670227513,-21.6678068617822,1829.01699312704
-56.0151630477783,-21.6678682785166,1830.35981897013
-56.0162061636739,-21.6678441545669,1830.01147998466
-56.0172426403878,-21.6677317054112,1829.6631409992
-56.0182639355623,-21.6675318578238,1829.31480201373
-56.0192616320438,-21.6672462588873,1828.96646302827
-56.0202275072975,-21.6668772624091,1828.6181240428
-56.0211536012116,-21.6664279095099,1828.26978505733
-56.0220322817338,-21.665901903545,1827.92144607187
-56.0228563077941,-21.6653035795656,1827.5731070864
-56.0236188889978,-21.6646378685716,1827.22476810094
-56.0243137415924,-21.663910256853,1826.87642911547
-56.0249351402505,-21.6631267407543,1826.52809013
-56.0254779652386,-21.6622937772367,1826.17975114454
-56.0259465733498,-21.6614221269543,1825.83141215907
-56.0264026106213,-21.6605445007048,1825.48307317361
-56.0268586423766,-21.6596668731102,1825.13473418814
-56.0273146686158,-21.6587892441706,1824.78639520267
-56.0277706893393,-21.6579116138861,1824.43805621721
-56.0282267045474,-21.6570339822566,1824.08971723174
-56.0286827142404,-21.6561563492824,1823.74137824628
-56.0291387184186,-21.6552787149635,1823.39303926081
-56.0295947170824,-21.6544010792998,1823.04470027534
-56.0300507102319,-21.6535234422917,1822.69636128988
-56.0305066978675,-21.652645803939,1822.34802230441
-56.0309626799896,-21.6517681642418,1821.99968331895
-56.0314186565984,-21.6508905232003,1821.65134433348
-56.0318746276942,-21.6500128808145,1821.30300534801
-56.0323305932773,-21.6491352370846,1820.95466636255
-56.0327865533481,-21.6482575920104,1820.60632737708
-56.0332425079069,-21.6473799455922,1820.25798839162
-56.0336984569539,-21.64650229783,1819.90964940615
-56.0341544004894,-21.6456246487239,1819.56131042069
-56.0346103385138,-21.644746998274,1819.21297143522
-56.0350662710274,-21.6438693464802,1818.86463244975
-56.0355221980304,-21.6429916933428,1818.51629346429
-56.0359781195232,-21.6421140388618,1818.16795447882
-56.0364340355061,-21.6412363830372,1817.81961549336
-56.0368899459794,-21.6403587258691,1817.47127650789
-56.0373458509434,-21.6394810673576,1817.12293752242
-56.0378017503983,-21.6386034075028,1816.77459853696
-56.0382576443446,-21.6377257463047,1816.42625955149
-56.0387135327824,-21.6368480837635,1816.07792056603
-56.0391694157122,-21.6359704198791,1815.72958158056
-56.0396252931342,-21.6350927546517,1815.38124259509
-56.0400811650487,-21.6342150880814,1815.03290360963
-56.040537031456,-21.6333374201681,1814.68456462416
-56.0409928923564,-21.632459750912,1814.3362256387
-56.0414487477503,-21.6315820803132,1813.98788665323
-56.0419045976379,-21.6307044083718,1813.63954766776
-56.0423604420195,-21.6298267350877,1813.2912086823
-56.0428162808955,-21.6289490604611,1812.94286969683
-56.0432721142661,-21.6280713844921,1812.59453071137
-56.0437279421317,-21.6271937071807,1812.2461917259
-56.0441837644926,-21.626316028527,1811.89785274044
-56.044639581349,-21.625438348531,1811.54951375497
-56.0450953927013,-21.6245606671929,1811.2011747695
-56.0455511985497,-21.6236829845128,1810.85283578404
-56.0460069988946,-21.6228053004906,1810.50449679857
-56.0464627937364,-21.6219276151265,1810.15615781311
-56.0469185830751,-21.6210499284205,1809.80781882764
-56.0473743669113,-21.6201722403728,1809.45947984217
-56.0478301452452,-21.6192945509833,1809.11114085671
-56.0482859180771,-21.6184168602522,1808.76280187124
-56.0487416854073,-21.6175391681795,1808.41446288578
-56.049197447236,-21.6166614747654,1808.06612390031
-56.0496532035637,-21.6157837800098,1807.71778491484
-56.0501089543906,-21.6149060839129,1807.36944592938
-56.0505646997171,-21.6140283864747,1807.02110694391
-56.0510204395433,-21.6131506876953,1806.67276795845
-56.0514761738697,-21.6122729875748,1806.32442897298
-56.0519319026965,-21.6113952861132,1805.97608998751
-56.0523876260241,-21.6105175833106,1805.62775100205
-56.0528433438527,-21.6096398791672,1805.27941201658
-56.0532990561827,-21.6087621736829,1804.93107303112
-56.0537547630143,-21.6078844668579,1804.58273404565
-56.0542104643478,-21.6070067586921,1804.23439506019
-56.0546661601836,-21.6061290491858,1803.88605607472
-56.055121850522,-21.6052513383389,1803.53771708925
-56.0555775353633,-21.6043736261516,1803.18937810379
-56.0560332147077,-21.6034959126239,1802.84103911832
-56.0564888885556,-21.6026181977559,1802.49270013286
-56.0569445569073,-21.6017404815476,1802.14436114739
-56.0574002197902,-21.600862763947,1801.79602216192
-56.0578558771507,-21.5999850450577,1801.44768317646
-56.058311529016,-21.5991073248284,1801.09934419099
-56.0587671753862,-21.5982296032591,1800.75100520553
-56.0592228162618,-21.5973518803499,1800.40266622006
-56.0596784516429,-21.596474156101,1800.05432723459
-56.06013408153,-21.5955964305123,1799.70598824913
-56.0605897059233,-21.594718703584,1799.35764926366
-56.0610453248231,-21.5938409753161,1799.0093102782
-56.0615009382297,-21.5929632457086,1798.66097129273
-56.0619565461434,-21.5920855147618,1798.31263230726
-56.0624121485646,-21.5912077824756,1797.9642933218
-56.0628677454935,-21.5903300488501,1797.61595433633
-56.0633233369305,-21.5894523138853,1797.26761535087
-56.0637789228758,-21.5885745775815,1796.9192763654
-56.0642345033297,-21.5876968399385,1796.57093737994
-56.0646900782926,-21.5868191009566,1796.22259839447
-56.0651456477648,-21.5859413606358,1795.874259409
-56.0656012117465,-21.5850636189761,1795.52592042354
-56.0660567702381,-21.5841858759776,1795.17758143807
-56.0665123232398,-21.5833081316404,1794.82924245261
-56.0669678707521,-21.5824303859646,1794.48090346714
-56.0674234127751,-21.5815526389503,1794.13256448167
-56.0678789493091,-21.5806748905975,1793.78422549621
-56.0683344803546,-21.5797971409062,1793.43588651074
-56.0687900059118,-21.5789193898767,1793.08754752528
-56.0692455259809,-21.5780416375088,1792.73920853981
-56.0697010405623,-21.5771638838028,1792.39086955434
-56.0701565496564,-21.5762861287587,1792.04253056888
-56.0706120532633,-21.5754083723765,1791.69419158341
-56.0710675513835,-21.5745306146564,1791.34585259795
-56.0715230440171,-21.5736528555983,1790.99751361248
-56.0719785311646,-21.5727750952025,1790.64917462701
-56.0724340128262,-21.5718973334689,1790.30083564155
-56.0728894890023,-21.5710195703976,1789.95249665608
-56.073344959693,-21.5701418059887,1789.60415767062
-56.0738004248988,-21.5692640402423,1789.25581868515
-56.0742558846199,-21.5683862731585,1788.90747969969
-56.0747113388567,-21.5675085047372,1788.55914071422
-56.0751667876094,-21.5666307349787,1788.21080172875
-56.0756222308783,-21.5657529638829,1787.86246274329
-56.0760776686638,-21.56487519145,1787.51412375782
-56.0765331009662,-21.5639974176799,1787.16578477236
-56.0769885277857,-21.5631196425729,1786.81744578689
-56.0774439491227,-21.5622418661289,1786.46910680142
-56.0778993649774,-21.5613640883481,1786.12076781596
-56.0783547753502,-21.5604863092305,1785.77242883049
-56.0788101802414,-21.5596085287761,1785.42408984503
-56.0792655796513,-21.5587307469851,1785.07575085956
-56.0797209735801,-21.5578529638575,1784.72741187409
-56.0801763620282,-21.5569751793934,1784.37907288863
-56.080631744996,-21.5560973935929,1784.03073390316
-56.0810871224836,-21.5552196064561,1783.6823949177
-56.0815424944914,-21.554341817983,1783.33405593223
-56.0819978610197,-21.5534640281736,1782.98571694676
-56.0824532220688,-21.5525862370281,1782.6373779613
-56.082908577639,-21.5517084445466,1782.28903897583
-56.0833639277306,-21.5508306507291,1781.94069999037
-56.0838192723439,-21.5499528555756,1781.5923610049
-56.0842746114793,-21.5490750590864,1781.24402201944
-56.084729945137,-21.5481972612613,1780.89568303397
-56.0851852733173,-21.5473194621006,1780.5473440485
-56.0856405960205,-21.5464416616042,1780.19900506304
-56.0860959132469,-21.5455638597723,1779.85066607757
-56.0865512249969,-21.5446860566049,1779.50232709211
-56.0870065312708,-21.5438082521022,1779.15398810664
-56.0874618320687,-21.5429304462641,1778.80564912117
-56.0879171273912,-21.5420526390907,1778.45731013571
-56.0883724172383,-21.5411748305822,1778.10897115024
-56.0888277016105,-21.5402970207385,1777.76063216478
-56.0892829805081,-21.5394192095598,1777.41229317931
-56.0897382539314,-21.5385413970462,1777.06395419384
-56.0901935218806,-21.5376635831977,1776.71561520838
-56.090648784356,-21.5367857680143,1776.36727622291
-56.0911040413581,-21.5359079514962,1776.01893723745
-56.091559292887,-21.5350301336435,1775.67059825198
-56.0920145389431,-21.5341523144561,1775.32225926651
-56.0924697795266,-21.5332744939343,1774.97392028105
-56.092925014638,-21.5323966720779,1774.62558129558
-56.0933802442774,-21.5315188488872,1774.27724231012
-56.0938354684453,-21.5306410243623,1773.92890332465
-56.0942906871418,-21.529763198503,1773.58056433919
-56.0947459003673,-21.5288853713097,1773.23222535372
-56.0952011081221,-21.5280075427822,1772.88388636825
-56.0956563104066,-21.5271297129207,1772.53554738279
-56.0961115072209,-21.5262518817253,1772.18720839732
-56.0965666985654,-21.5253740491961,1771.83886941186
-56.0970218844405,-21.524496215333,1771.49053042639
-56.0974770648464,-21.5236183801362,1771.14219144092
-56.0979322397834,-21.5227405436058,1770.79385245546
-56.0983874092518,-21.5218627057419,1770.44551346999
-56.098842573252,-21.5209848665444,1770.09717448453
-56.0992977317841,-21.5201070260135,1769.74883549906
-56.0997528848486,-21.5192291841492,1769.40049651359
-56.1002080324458,-21.5183513409517,1769.05215752813
-56.1006631745759,-21.517473496421,1768.70381854266
-56.1011183112392,-21.5165956505571,1768.3554795572
-56.1015734424361,-21.5157178033602,1768.00714057173
-56.1020285681668,-21.5148399548303,1767.65880158626
-56.1024836884317,-21.5139621049675,1767.3104626008
-56.1029388032311,-21.5130842537718,1766.96212361533
-56.1033939125652,-21.5122064012434,1766.61378462987
-56.1038490164343,-21.5113285473823,1766.2654456444
-56.1043041148388,-21.5104506921886,1765.91710665894
-56.104759207779,-21.5095728356623,1765.56876767347
-56.1052142952552,-21.5086949778036,1765.220428688
-56.1056693772677,-21.5078171186125,1764.87208970254
-56.1061244538167,-21.506939258089,1764.52375071707
-56.1065795249026,-21.5060613962333,1764.17541173161
-56.1070345905257,-21.5051835330454,1763.82707274614
-56.1074896506862,-21.5043056685254,1763.47873376067
-56.1079447053846,-21.5034278026734,1763.13039477521
-56.1083997546211,-21.5025499354894,1762.78205578974
-56.1088547983959,-21.5016720669736,1762.43371680428
-56.1093098367095,-21.5007941971259,1762.08537781881
-56.109764869562,-21.4999163259464,1761.73703883334
-56.1102198969539,-21.4990384534354,1761.38869984788
-56.1106749188853,-21.4981605795927,1761.04036086241
-56.1111299353567,-21.4972827044185,1760.69202187695
-56.1115849463683,-21.4964048279128,1760.34368289148
-56.1120399519204,-21.4955269500758,1759.99534390601
-56.1124949520134,-21.4946490709075,1759.64700492055
-56.1129499466474,-21.4937711904079,1759.29866593508
-56.1134049358229,-21.4928933085772,1758.95032694962
-56.1138599195401,-21.4920154254154,1758.60198796415
-56.1143148977993,-21.4911375409226,1758.25364897869
-56.1147698706009,-21.4902596550989,1757.90530999322
-56.1152248379451,-21.4893817679443,1757.55697100775
-56.1156797998323,-21.4885038794589,1757.20863202229
-56.1161347562627,-21.4876259896428,1756.86029303682
-56.1165897072366,-21.4867480984961,1756.51195405136
-56.1170446527544,-21.4858702060188,1756.16361506589
-56.1174995928164,-21.484992312211,1755.81527608042
-56.1179545274228,-21.4841144170727,1755.46693709496
-56.1184094565739,-21.4832365206042,1755.11859810949
-56.1188643802701,-21.4823586228053,1754.77025912403
-56.1193192985117,-21.4814807236762,1754.42192013856
-56.119774211299,-21.480602823217,1754.07358115309
-56.1202291186322,-21.4797249214278,1753.72524216763
-56.1206840205117,-21.4788470183086,1753.37690318216
-56.1211389169377,-21.4779691138594,1753.0285641967
-56.1215938079107,-21.4770912080804,1752.68022521123
-56.1220486934308,-21.4762133009717,1752.33188622576
-56.1225035734984,-21.4753353925332,1751.9835472403
-56.1229584481138,-21.4744574827652,1751.63520825483
-56.1234133172772,-21.4735795716676,1751.28686926937
-56.1238681809891,-21.4727016592405,1750.9385302839
-56.1243230392497,-21.471823745484,1750.59019129844
-56.1247778920592,-21.4709458303982,1750.24185231297
-56.1252327394181,-21.4700679139831,1749.8935133275
-56.1256875813265,-21.4691899962389,1749.54517434204
-56.1261424177849,-21.4683120771655,1749.19683535657
-56.1265972487934,-21.4674341567631,1748.84849637111
-56.1270520743525,-21.4665562350318,1748.50015738564
-56.1275068944624,-21.4656783119716,1748.15181840017
-56.1279617091234,-21.4648003875825,1747.80347941471
-56.1284165183358,-21.4639224618647,1747.45514042924
-56.1288713220999,-21.4630445348183,1747.10680144378
-56.1293261204161,-21.4621666064432,1746.75846245831
-56.130143178457,-21.4617924410828,1729.31985209927
-56.1311854658538,-21.4617999186256,1704.22314772456
-56.1322277533319,-21.4618073896743,1679.12644334984
-56.1332700409163,-21.4618148542289,1654.02973897512
-56.1343123286068,-21.4618223122896,1628.93303460041
-56.1353546164033,-21.4618297638563,1603.83633022569
-56.1363969043057,-21.4618372089289,1578.73962585098
-56.1374391923139,-21.4618446475076,1553.64292147626
-56.1384814804279,-21.4618520795922,1528.54621710154
-56.1395237686475,-21.4618595051828,1503.44951272683
-56.1405660569726,-21.4618669242794,1478.35280835211
-56.1416083454032,-21.4618743368819,1453.25610397739
-56.1426506339392,-21.4618817429905,1428.15939960268
-56.1436929225804,-21.461889142605,1403.06269522796
-56.1447352113269,-21.4618965357254,1377.96599085325
-56.1457775001784,-21.4619039223519,1352.86928647853
-56.1468197891349,-21.4619113024843,1327.77258210381
-56.1478620781963,-21.4619186761226,1302.6758777291
-56.1489043673626,-21.4619260432669,1277.57917335438
-56.1499466566335,-21.4619334039172,1252.48246897966
-56.1509889460091,-21.4619407580734,1227.38576460495
-56.1520312354892,-21.4619481057355,1202.28906023023
-56.1530735250738,-21.4619554469036,1177.19235585552
-56.1541158147627,-21.4619627815776,1152.0956514808
-56.155157577193,-21.4619872455926,1138.20088832382
-56.1561854465445,-21.4621429856949,1136.86253868353
-56.1571745733702,-21.4624475054662,1135.52418904324
-56.158100542821,-21.4628932884547,1134.18583940295
-56.1589404984217,-21.4634693313309,1132.84748976266
-56.1596737061193,-21.464161415396,1131.50914012237
-56.1602820660249,-21.4649524574435,1130.17079048209
-56.1607505592276,-21.4658229313277,1128.8324408418
-56.1610676186496,-21.4667513498449,1127.49409120151
-56.1612254147778,-21.4677147950467,1126.15574156122
-56.1612200491999,-21.4686894839047,1124.81739192093
-56.1610516511423,-21.4696513553712,1123.47904228064
-56.1607243745967,-21.4705766643486,1122.14069264035
-56.1602462960752,-21.4714425679034,1120.80234300006
-56.1596292154897,-21.472227689251,1119.46399335977
-56.1588883650434,-21.4729126455787,1118.12564371948
-56.1580420333062,-21.4734805266663,1116.78729407919
-56.1571111137409,-21.4739173124748,1115.4489444389
-56.1561185888293,-21.4742122193813,1114.11059479861
-56.1550889625397,-21.474357966499,1112.77224515832
-56.1540482138595,-21.4744129490486,1111.43389551803
-56.1530074152458,-21.4744671457501,1110.09554587774
-56.1519666159074,-21.4745213359703,1108.75719623745
-56.1509258157991,-21.4745755197116,1107.41884659716
-56.1498850149208,-21.474629696974,1106.08049695687
-56.1488442132728,-21.4746838677574,1104.74214731658
-56.1478034108551,-21.4747380320619,1103.40379767629
-56.1467626076678,-21.4747921898873,1102.065448036
-56.1457218037109,-21.4748463412338,1100.72709839571
-56.1446809989847,-21.4749004861012,1099.38874875542
-56.143640193489,-21.4749546244896,1098.05039911513
-56.1425993872242,-21.4750087563989,1096.71204947484
-56.1415585801901,-21.4750628818291,1095.37369983455
-56.140517772387,-21.4751170007802,1094.03535019426
-56.1394769638149,-21.4751711132521,1092.69700055398
-56.1384361544739,-21.4752252192448,1091.35865091369
-56.1373953443641,-21.4752793187584,1090.0203012734
-56.1363545334856,-21.4753334117927,1088.68195163311
-56.1353137218384,-21.4753874983478,1087.34360199282
-56.1342729094227,-21.4754415784236,1086.00525235253
-56.1332320962386,-21.4754956520201,1084.66690271224
-56.1321912822861,-21.4755497191374,1083.32855307195
-56.1311504675653,-21.4756037797753,1081.99020343166
-56.1301096520764,-21.4756578339338,1080.65185379137
-56.1290688358193,-21.475711881613,1079.31350415108
-56.1280280187943,-21.4757659228128,1077.97515451079
-56.1269872010013,-21.4758199575332,1076.6368048705
-56.1259463824405,-21.4758739857741,1075.29845523021
-56.124905563112,-21.4759280075355,1073.96010558992
-56.1238647430159,-21.4759820228175,1072.62175594963
-56.1228239221521,-21.47603603162,1071.28340630934
-56.121783100521,-21.4760900339429,1069.94505666905
-56.1207422781224,-21.4761440297863,1068.60670702876
-56.1197014549565,-21.47619801915,1067.26835738847
-56.1186606310235,-21.4762520020342,1065.93000774818
-56.1176198063233,-21.4763059784388,1064.59165810789
-56.1165789808561,-21.4763599483637,1063.2533084676
-56.115538154622,-21.476413911809,1061.91495882731
-56.1144973276211,-21.4764678687745,1060.57660918702
-56.1134564998534,-21.4765218192604,1059.23825954673
-56.112415671319,-21.4765757632665,1057.89990990644
-56.1113748420181,-21.4766297007928,1056.56156026616
-56.1103340119507,-21.4766836318394,1055.22321062587
-56.1092931811169,-21.4767375564062,1053.88486098558
-56.1082523495168,-21.4767914744931,1052.54651134529
-56.1072115171504,-21.4768453861002,1051.208161705
-56.106170684018,-21.4768992912275,1049.86981206471
-56.1051298501195,-21.4769531898748,1048.53146242442
-56.104089015455,-21.4770070820422,1047.19311278413
-56.1030481800247,-21.4770609677297,1045.85476314384
-56.1020073438287,-21.4771148469372,1044.51641350355
-56.1009665068669,-21.4771687196647,1043.17806386326
-56.0999256691396,-21.4772225859122,1041.83971422297
-56.0988848306468,-21.4772764456797,1040.50136458268
-56.0978439913885,-21.4773302989672,1039.16301494239
-56.096803151365,-21.4773841457745,1037.8246653021
-56.0957623105762,-21.4774379861018,1036.48631566181
-56.0947214690223,-21.477491819949,1035.14796602152
-56.0936806267033,-21.477545647316,1033.80961638123
-56.0926397836193,-21.4775994682028,1032.47126674094
-56.0915989397705,-21.4776532826095,1031.13291710065
-56.0905580951569,-21.477707090536,1029.79456746036
-56.0895172497786,-21.4777608919822,1028.45621782007
-56.0884764036357,-21.4778146869481,1027.11786817978
-56.0874355567283,-21.4778684754338,1025.77951853949
-56.0863947090564,-21.4779222574392,1024.4411688992
-56.0853538606202,-21.4779760329643,1023.10281925891
-56.0843130114198,-21.478029802009,1021.76446961862
-56.0832721614552,-21.4780835645734,1020.42611997833
-56.0822313107265,-21.4781373206574,1019.08777033805
-56.0811904592339,-21.4781910702609,1017.74942069776
-56.0801496069774,-21.4782448133841,1016.41107105747
-56.079108753957,-21.4782985500268,1015.07272141718
-56.078067900173,-21.478352280189,1013.73437177689
-56.0770270456253,-21.4784060038707,1012.3960221366
-56.0759861903141,-21.4784597210718,1011.05767249631
-56.0749453342395,-21.4785134317925,1009.71932285602
-56.0739044774015,-21.4785671360325,1008.38097321573
-56.0728636198002,-21.478620833792,1007.04262357544
-56.0718227614358,-21.4786745250709,1005.70427393515
-56.0707819023083,-21.4787282098691,1004.36592429486
-56.0697410424178,-21.4787818881866,1003.02757465457
-56.0687001817644,-21.4788355600235,1001.68922501428
-56.0676593203481,-21.4788892253797,1000.35087537399
-56.0666184581692,-21.4789428842552,999.012525733701
-56.0655775952276,-21.4789965366499,997.674176093411
-56.0645367315234,-21.4790501825638,996.335826453121
-56.0634958670568,-21.4791038219969,994.997476812832
-56.0624550018278,-21.4791574549493,993.659127172542
-56.0614141358366,-21.4792110814208,992.320777532252
-56.0603732690831,-21.4792647014114,990.982427891963
-56.0593324015676,-21.4793183149212,989.644078251673
-56.05829153329,-21.47937192195,988.305728611383
-56.0572506642506,-21.4794255224979,986.967378971094
-56.0562097944493,-21.4794791165649,985.629029330804
-56.0551689238862,-21.4795327041509,984.290679690515
-56.0541280525615,-21.4795862852559,982.952330050225
-56.0530871804752,-21.4796398598799,981.613980409935
-56.0520463076275,-21.4796934280228,980.275630769646
-56.0510054340183,-21.4797469896847,978.937281129356
-56.0499645596479,-21.4798005448655,977.598931489066
-56.0489236845163,-21.4798540935652,976.260581848777
-56.0478828086235,-21.4799076357838,974.922232208487
-56.0468419319698,-21.4799611715212,973.583882568197
-56.045801054555,-21.4800147007775,972.245532927908
-56.0447601763795,-21.4800682235525,970.907183287618
-56.0437192974432,-21.4801217398464,969.568833647328
-56.0426784177462,-21.480175249659,968.230484007039
-56.0416375372886,-21.4802287529903,966.892134366749
-56.0405966560705,-21.4802822498403,965.55378472646
-56.0395557740921,-21.4803357402091,964.21543508617
-56.0385148913533,-21.4803892240965,962.87708544588
-56.0374740078543,-21.4804427015025,961.538735805591
-56.0364331235952,-21.4804961724272,960.200386165301
-56.035392238576,-21.4805496368705,958.862036525011
-56.0343513527969,-21.4806030948324,957.523686884722
-56.0333104662579,-21.4806565463128,956.185337244432
-56.0322695789591,-21.4807099913118,954.846987604142
-56.0312286909007,-21.4807634298293,953.508637963853
-56.0301878020826,-21.4808168618652,952.170288323563
-56.0291469125051,-21.4808702874197,950.831938683274
-56.0281060221681,-21.4809237064926,949.493589042984
-56.0270651310718,-21.4809771190839,948.155239402694
-56.0260242392163,-21.4810305251936,946.816889762405
-56.0249833466016,-21.4810839248217,945.478540122115
-56.0239424532279,-21.4811373179681,944.140190481825
-56.0229015590952,-21.4811907046329,942.801840841536
-56.0218606642036,-21.481244084816,941.463491201246
-56.0208197685532,-21.4812974585174,940.125141560956
-56.0197788721442,-21.481350825737,938.786791920667
-56.0187379749765,-21.481404186475,937.448442280377
-56.0176970770503,-21.4814575407311,936.110092640087
-56.0166561783656,-21.4815108885054,934.771742999798
-56.0156152789227,-21.4815642297979,933.433393359508
-56.0145743787214,-21.4816175646086,932.095043719219
-56.013533477762,-21.4816708929374,930.756694078929
-56.0124925760446,-21.4817242147843,929.418344438639
-56.0114516735691,-21.4817775301493,928.07999479835
-56.0104107703358,-21.4818308390324,926.74164515806
-56.0093698663446,-21.4818841414335,925.40329551777
-56.0083289615957,-21.4819374373526,924.064945877481
-56.0072880560892,-21.4819907267898,922.726596237191
-56.0062471498252,-21.4820440097449,921.388246596901
-56.0052062428037,-21.482097286218,920.049896956612
-56.0041653350249,-21.482150556209,918.711547316322
-56.0031244264888,-21.4822038197179,917.373197676033
-56.0020835171955,-21.4822570767447,916.034848035743
-56.0010426071451,-21.4823103272894,914.696498395453
-56.0000016963378,-21.4823635713519,913.358148755164
-55.9989607847735,-21.4824168089323,912.019799114874
-55.9979198724524,-21.4824700400304,910.681449474584
-55.9968789593746,-21.4825232646463,909.343099834295
-55.9958380455401,-21.48257648278,908.004750194005
-55.9947971309491,-21.4826296944314,906.666400553715
-55.9937562156016,-21.4826828996006,905.328050913426
-55.9927152994977,-21.4827360982874,903.989701273136
-55.9916743826376,-21.4827892904919,902.651351632847
-55.9906334650212,-21.482842476214,901.313001992557
-55.9895925466488,-21.4828956554538,899.974652352267
-55.9885516275204,-21.4829488282111,898.636302711978
-55.987510707636,-21.483001994486,897.297953071688
-55.9864697869958,-21.4830551542785,895.959603431398
-55.9854288655998,-21.4831083075886,894.621253791109
-55.9843879434482,-21.4831614544161,893.282904150819
-55.983347020541,-21.4832145947611,891.944554510529
-55.9823060968783,-21.4832677286236,890.60620487024
-55.9812651724603,-21.4833208560035,889.26785522995
-55.980224247287,-21.4833739769009,887.92950558966
-55.9791833213584,-21.4834270913157,886.591155949371
-55.9781423946747,-21.4834801992478,885.252806309081
-55.977101467236,-21.4835333006973,883.914456668791
-55.9760605390424,-21.4835863956641,882.576107028502
-55.9750196100939,-21.4836394841483,881.237757388212
-55.9739786803906,-21.4836925661497,879.899407747923
-55.9729377499327,-21.4837456416684,878.561058107633
-55.9718968187202,-21.4837987107043,877.222708467343
-55.9708558867532,-21.4838517732575,875.884358827054
-55.9698149540318,-21.4839048293279,874.546009186764
-55.9687740205561,-21.4839578789154,873.207659546474
-55.9677330863262,-21.4840109220201,871.869309906185
-55.9666921513421,-21.4840639586419,870.530960265895
-55.965651215604,-21.4841169887809,869.192610625606
-55.9646102791119,-21.4841700124369,867.854260985316
-55.963569341866,-21.48422302961,866.515911345026
-55.9625284038663,-21.4842760403002,865.177561704737
-55.9614874651129,-21.4843290445074,863.839212064447
-55.9604465256059,-21.4843820422315,862.500862424157
-55.9594055853454,-21.4844350334727,861.162512783868
-55.9583646443315,-21.4844880182308,859.824163143578
-55.9573237025643,-21.4845409965059,858.485813503288
-55.9562827600438,-21.4845939682978,857.147463862999
-55.9552418167702,-21.4846469336067,855.809114222709
-55.9542008727435,-21.4846998924324,854.470764582419
-55.9531599279638,-21.484752844775,853.13241494213
-55.9521189824313,-21.4848057906344,851.79406530184
-55.951078036146,-21.4848587300105,850.45571566155
-55.950037089108,-21.4849116629035,849.117366021261
-55.9489961413173,-21.4849645893133,847.779016380971
-55.9479551927742,-21.4850175092397,846.440666740682
-55.9469142434786,-21.4850704226829,845.102317100392
-55.9458732934307,-21.4851233296428,843.763967460102
-55.9448323426305,-21.4851762301193,842.425617819813
-55.9437913910782,-21.4852291241125,841.087268179523
-55.9427504387738,-21.4852820116223,839.748918539233
-55.9417094857174,-21.4853348926487,838.410568898944
-55.9406685319091,-21.4853877671917,837.072219258654
-55.939627577349,-21.4854406352513,835.733869618364
-55.9385866220372,-21.4854934968274,834.395519978075
-55.9375456659737,-21.48554635192,833.057170337785
-55.9365047091588,-21.4855992005291,831.718820697496
-55.9354637515924,-21.4856520426547,830.380471057206
-55.9344227932746,-21.4857048782967,829.042121416916
-55.9333818342055,-21.4857577074551,827.703771776627
-55.9323408743853,-21.48581053013,826.365422136337
-55.931299913814,-21.4858633463212,825.027072496047
-55.9302589524917,-21.4859161560288,823.688722855758
-55.9292179904185,-21.4859689592528,822.350373215468
-55.9281770275945,-21.486021755993,821.012023575178
-55.9271360640197,-21.4860745462496,819.673673934889
-55.9260950996944,-21.4861273300224,818.335324294599
-55.9250541346184,-21.4861801073114,816.996974654309
-55.924013168792,-21.4862328781167,815.65862501402
-55.9229722022152,-21.4862856424382,814.32027537373
-55.9219312348882,-21.4863384002759,812.981925733441
-55.920890266811,-21.4863911516297,811.643576093151
-55.9198492979836,-21.4864438964997,810.305226452861
-55.9188083284063,-21.4864966348858,808.966876812572
-55.917767358079,-21.486549366788,807.628527172282
-55.9167263870019,-21.4866020922063,806.290177531992
-55.915685415175,-21.4866548111406,804.951827891703
-55.9146444425985,-21.486707523591,803.613478251413
-55.9136034692724,-21.4867602295573,802.275128611123
-55.9125624951969,-21.4868129290397,800.936778970834
-55.911521520372,-21.486865622038,799.598429330544
-55.9104805447977,-21.4869183085522,798.260079690255
-55.9094395684743,-21.4869709885824,796.921730049965
-55.9083985914018,-21.4870236621284,795.583380409675
-55.9073576135802,-21.4870763291904,794.245030769386
-55.9063166350097,-21.4871289897682,792.906681129096
-55.9052756556903,-21.4871816438618,791.568331488806
-55.9042346756222,-21.4872342914712,790.229981848517
-55.9031936948055,-21.4872869325964,788.891632208227
-55.9021527132401,-21.4873395672374,787.553282567937
-55.9011117309263,-21.4873921953941,786.214932927648
-55.900070747864,-21.4874448170666,784.876583287358
-55.8990297640535,-21.4874974322547,783.538233647069
-55.8979887794947,-21.4875500409585,782.199884006779
-55.8969477941878,-21.487602643178,780.861534366489
-55.8959068081329,-21.4876552389131,779.5231847262
-55.89486582133,-21.4877078281639,778.18483508591
-55.8938248337793,-21.4877604109302,776.84648544562
-55.8927838454808,-21.4878129872121,775.508135805331
-55.8917428564346,-21.4878655570095,774.169786165041
-55.8907018666408,-21.4879181203224,772.831436524751
-55.8896608760995,-21.4879706771509,771.493086884462
-55.8886198848108,-21.4880232274948,770.154737244172
-55.8875788927748,-21.4880757713542,768.816387603882
-55.8865378999915,-21.488128308729,767.478037963593
-55.8854969064611,-21.4881808396192,766.139688323303
-55.8844559121837,-21.4882333640249,764.801338683014
-55.8834149171593,-21.4882858819459,763.462989042724
-55.882373921388,-21.4883383933822,762.124639402434
-55.8813329248699,-21.4883908983339,760.786289762145
-55.8802919276051,-21.4884433968008,759.447940121855
-55.8792509295938,-21.4884958887831,758.109590481565
-55.8782099308359,-21.4885483742806,756.771240841276
-55.8771689313316,-21.4886008532933,755.432891200986
-55.8761279310809,-21.4886533258213,754.094541560696
-55.8750869300841,-21.4887057918645,752.756191920407
-55.874045928341,-21.4887582514228,751.417842280117
-55.8730049258519,-21.4888107044963,750.079492639828
-55.8719639226168,-21.4888631510849,748.741142999538
-55.8709229186358,-21.4889155911886,747.402793359248
-55.8698819139091,-21.4889680248074,746.064443718959
-55.8688409084366,-21.4890204519413,744.726094078669
-55.8677999022185,-21.4890728725902,743.387744438379
-55.8667588952548,-21.4891252867541,742.04939479809
-55.8657178875458,-21.489177694433,740.7110451578
-55.8646768790914,-21.4892300956269,739.37269551751
-55.8636358698917,-21.4892824903357,738.034345877221
-55.8625948599468,-21.4893348785595,736.695996236931
-55.8615538492569,-21.4893872602982,735.357646596641
-55.860512837822,-21.4894396355518,734.019296956352
-55.8594718256422,-21.4894920043202,732.680947316062
-55.8584308127176,-21.4895443666035,731.342597675773
-55.8573897990482,-21.4895967224016,730.004248035483
-55.8563487846342,-21.4896490717145,728.665898395193
-55.8553077694757,-21.4897014145422,727.327548754904
-55.8542667535727,-21.4897537508846,725.989199114614
-55.8532257369254,-21.4898060807418,724.650849474324
-55.8521847195338,-21.4898584041136,723.312499834035
-55.851143701398,-21.4899107210002,721.974150193745
-55.8501026825181,-21.4899630314015,720.635800553455
-55.8490616628942,-21.4900153353173,719.297450913166
-55.8480206425264,-21.4900676327478,717.959101272876
-55.8469796214148,-21.490119923693,716.620751632586
-55.8459385995595,-21.4901722081526,715.282401992297
-55.8448975769605,-21.4902244861269,713.944052352007
-55.8438565536179,-21.4902767576157,712.605702711718
-55.8428155295319,-21.490329022619,711.267353071428
-55.8417745047025,-21.4903812811368,709.929003431138
-55.8407334791298,-21.490433533169,708.590653790849
-55.8396924528139,-21.4904857787158,707.252304150559
-55.8387758540326,-21.4905165545973,706.933332870029
-55.8377334768178,-21.4905007425086,706.768414732822
-55.8366911123288,-21.4904837695554,706.571633859746
-55.8356487481256,-21.490466790101,706.374852986669
-55.8346063841644,-21.4904498041447,706.178072113593
-55.833564020445,-21.4904328116864,705.981291240516
-55.8325216569678,-21.4904158127262,705.78451036744
-55.8314792937326,-21.490398807264,705.587729494364
-55.8304369307398,-21.4903817953,705.390948621287
-55.8293945679893,-21.490364776834,705.194167748211
-55.8283522054812,-21.4903477518661,704.997386875134
-55.8273098432156,-21.4903307203963,704.800606002058
-55.8262674811926,-21.4903136824246,704.603825128981
-55.8252251194124,-21.4902966379511,704.407044255905
-55.8241827578749,-21.4902795869756,704.210263382828
-55.8231403965803,-21.4902625294983,704.013482509752
-55.8220980355288,-21.4902454655191,703.816701636676
-55.8210556747202,-21.4902283950381,703.619920763599
-55.8200133141549,-21.4902113180552,703.423139890523
-55.8189709538328,-21.4901942345705,703.226359017446
-55.8179285937541,-21.4901771445839,703.02957814437
-55.8168862339188,-21.4901600480955,702.832797271293
-55.8158438743271,-21.4901429451053,702.636016398217
-55.814801514979,-21.4901258356133,702.43923552514
-55.8137591558746,-21.4901087196195,702.242454652064
-55.812716797014,-21.4900915971238,702.045673778988
-55.8116744383974,-21.4900744681264,701.848892905911
-55.8106320800247,-21.4900573326272,701.652112032835
-55.8095897218961,-21.4900401906262,701.455331159758
-55.8085473640117,-21.4900230421235,701.258550286682
-55.8075050063716,-21.4900058871189,701.061769413605
-55.8064626489759,-21.4899887256127,700.864988540529
-55.8054202918246,-21.4899715576046,700.668207667452
-55.8043779349179,-21.4899543830949,700.471426794376
-55.8033355782558,-21.4899372020834,700.274645921299
-55.8022932218384,-21.4899200145701,700.077865048223
-55.8012508656659,-21.4899028205552,699.881084175147
-55.8002085097383,-21.4898856200385,699.68430330207
-55.7991661540558,-21.4898684130201,699.487522428994
-55.7981237986183,-21.4898511995001,699.290741555917
-55.797081443426,-21.4898339794783,699.093960682841
-55.796039088479,-21.4898167529549,698.897179809764
-55.7949967337775,-21.4897995199298,698.700398936688
-55.7939543793213,-21.489782280403,698.503618063611
-55.7929120251108,-21.4897650343745,698.306837190535
-55.7918696711459,-21.4897477818444,698.110056317459
-55.7908273174268,-21.4897305228126,697.913275444382
-55.7897849639535,-21.4897132572792,697.716494571306
-55.7887426107261,-21.4896959852442,697.519713698229
-55.7877002577448,-21.4896787067076,697.322932825153
-55.7866579050096,-21.4896614216693,697.126151952076
-55.7856155525206,-21.4896441301294,696.929371079
-55.784573200278,-21.4896268320879,696.732590205923
-55.7835308482817,-21.4896095275448,696.535809332847
-55.7824884965319,-21.4895922165001,696.33902845977
-55.7814461450287,-21.4895748989539,696.142247586694
-55.7804037937722,-21.489557574906,695.945466713618
-55.7793614427625,-21.4895402443566,695.748685840541
-55.7783190919996,-21.4895229073057,695.551904967465
-55.7772767414836,-21.4895055637531,695.355124094388
-55.7762343912148,-21.4894882136991,695.158343221312
-55.775192041193,-21.4894708571435,694.961562348235
-55.7741496914185,-21.4894534940863,694.764781475159
-55.7731073418913,-21.4894361245277,694.568000602082
-55.7720649926115,-21.4894187484675,694.371219729006
-55.7710226435792,-21.4894013659058,694.17443885593
-55.7699802947946,-21.4893839768426,693.977657982853
-55.7689379462576,-21.4893665812779,693.780877109777
-55.7678955979684,-21.4893491792117,693.5840962367
-55.7668532499271,-21.489331770644,693.387315363624
-55.7658109021337,-21.4893143555749,693.190534490547
-55.7647685545884,-21.4892969340043,692.993753617471
-55.7637262072913,-21.4892795059323,692.796972744394
-55.7626838602424,-21.4892620713587,692.600191871318
-55.7616415134419,-21.4892446302838,692.403410998241
-55.7605991668897,-21.4892271827074,692.206630125165
-55.7595568205861,-21.4892097286296,692.009849252089
-55.7585144745312,-21.4891922680503,691.813068379012
-55.7574721287249,-21.4891748009697,691.616287505936
-55.7564297831674,-21.4891573273876,691.419506632859
-55.7553874378588,-21.4891398473041,691.222725759783
-55.7543450927992,-21.4891223607193,691.025944886706
-55.7533027479887,-21.489104867633,690.82916401363
-55.7522604034274,-21.4890873680454,690.632383140553
-55.7512180591153,-21.4890698619564,690.435602267477
-55.7501757150525,-21.489052349366,690.2388213944
-55.7491333712393,-21.4890348302743,690.042040521324
-55.7480910276755,-21.4890173046812,689.845259648248
-55.7470486843614,-21.4889997725868,689.648478775171
-55.746006341297,-21.4889822339911,689.451697902095
-55.7449639984824,-21.488964688894,689.254917029018
-55.7439216559177,-21.4889471372956,689.058136155942
-55.7428793136031,-21.4889295791959,688.861355282865
-55.7418369715385,-21.4889120145949,688.664574409789
-55.7407946297241,-21.4888944434926,688.467793536713
-55.73975228816,-21.488876865889,688.271012663636
-55.7387099468462,-21.4888592817841,688.07423179056
-55.7376676057829,-21.4888416911779,687.877450917483
-55.7366252649702,-21.4888240940705,687.680670044407
-55.7355829244081,-21.4888064904618,687.48388917133
-55.7345405840967,-21.4887888803519,687.287108298254
-55.7334982440362,-21.4887712637407,687.090327425177
-55.7324559042266,-21.4887536406283,686.893546552101
-55.731413564668,-21.4887360110146,686.696765679024
-55.7303712253606,-21.4887183748997,686.499984805948
-55.7293288863043,-21.4887007322836,686.303203932871
-55.7282865474993,-21.4886830831663,686.106423059795
-55.7272442089457,-21.4886654275478,685.909642186719
-55.7262018706436,-21.4886477654281,685.712861313642
-55.725159532593,-21.4886300968072,685.516080440566
-55.7241171947941,-21.4886124216852,685.319299567489
-55.723074857247,-21.4885947400619,685.122518694413
-55.7220325199517,-21.4885770519375,684.925737821336
-55.7209901829084,-21.4885593573119,684.72895694826
-55.719947846117,-21.4885416561852,684.532176075183
-55.7189055095778,-21.4885239485574,684.335395202107
-55.7178631732909,-21.4885062344284,684.138614329031
-55.7168208372562,-21.4884885137983,683.941833455954
-55.7157785014739,-21.488470786667,683.745052582878
-55.7147361659441,-21.4884530530347,683.548271709801
-55.7136938306669,-21.4884353129012,683.351490836725
-55.7126514956424,-21.4884175662667,683.154709963648
-55.7116091608706,-21.488399813131,682.957929090572
-55.7105668263517,-21.4883820534943,682.761148217495
-55.7095244920858,-21.4883642873565,682.564367344419
-55.7084821580729,-21.4883465147176,682.367586471343
-55.7074398243131,-21.4883287355777,682.170805598266
-55.7063974908066,-21.4883109499367,681.97402472519
-55.7053551575534,-21.4882931577946,681.777243852113
-55.7043128245536,-21.4882753591516,681.580462979037
-55.7032704918073,-21.4882575540075,681.38368210596
-55.7022281593146,-21.4882397423623,681.186901232884
-55.7011858270756,-21.4882219242162,680.990120359807
-55.7001434950904,-21.488204099569,680.793339486731
-55.6991011633591,-21.4881862684209,680.596558613654
-55.6980588318817,-21.4881684307717,680.399777740578
-55.6970165006584,-21.4881505866216,680.202996867502
-55.6959741696893,-21.4881327359705,680.006215994425
-55.6949318389743,-21.4881148788184,679.809435121349
-55.6938895085138,-21.4880970151654,679.612654248272
-55.6928471783076,-21.4880791450114,679.415873375196
-55.691804848356,-21.4880612683564,679.219092502119
-55.690762518659,-21.4880433852005,679.022311629043
-55.6897201892167,-21.4880254955437,678.825530755966
-55.6886778600292,-21.4880075993859,678.62874988289
-55.6876355310966,-21.4879896967273,678.431969009814
-55.686593202419,-21.4879717875677,678.235188136737
-55.6855508739965,-21.4879538719072,678.038407263661
-55.6845085458291,-21.4879359497458,677.841626390584
-55.683466217917,-21.4879180210836,677.644845517508
-55.6824238902602,-21.4879000859204,677.448064644431
-55.6813815628589,-21.4878821442564,677.251283771355
-55.6803392357131,-21.4878641960915,677.054502898278
-55.6792969088229,-21.4878462414257,676.857722025202
-55.6782545821885,-21.4878282802591,676.660941152125
-55.6772122558099,-21.4878103125917,676.464160279049
-55.6761699296872,-21.4877923384234,676.267379405973
-55.6751276038205,-21.4877743577543,676.070598532896
-55.6740852782098,-21.4877563705844,675.87381765982
-55.6730429528554,-21.4877383769136,675.677036786743
-55.6720006277572,-21.4877203767421,675.480255913667
-55.6709583029154,-21.4877023700697,675.28347504059
-55.6699159783301,-21.4876843568966,675.086694167514
-55.6688736540013,-21.4876663372227,674.889913294437
-55.6678313299292,-21.487648311048,674.693132421361
-55.6667890061138,-21.4876302783725,674.496351548285
-55.6657466825552,-21.4876122391963,674.299570675208
-55.6647043592535,-21.4875941935193,674.102789802132
-55.6636620362089,-21.4875761413416,673.906008929055
-55.6626197134214,-21.4875580826631,673.709228055979
-55.661577390891,-21.4875400174839,673.512447182902
-55.660535068618,-21.487521945804,673.315666309826
-55.6594927466023,-21.4875038676233,673.118885436749
-55.6584504248441,-21.487485782942,672.922104563673
-55.6574081033435,-21.48746769176,672.725323690596
-55.6563657821006,-21.4874495940772,672.52854281752
-55.6553234611154,-21.4874314898938,672.331761944444
-55.654281140388,-21.4874133792097,672.134981071367
-55.6532388199186,-21.487395262025,671.938200198291
-55.6521964997072,-21.4873771383395,671.741419325214
-55.6511541797539,-21.4873590081534,671.544638452138
-55.6501118600588,-21.4873408714667,671.347857579061
-55.6490695406221,-21.4873227282794,671.151076705985
-55.6480272214437,-21.4873045785914,670.954295832908
-55.6469849025238,-21.4872864224027,670.757514959832
-55.6459425838625,-21.4872682597135,670.560734086756
-55.6449002654599,-21.4872500905236,670.363953213679
-55.6438579473161,-21.4872319148332,670.167172340603
-55.6428156294311,-21.4872137326422,669.970391467526
-55.641773311805,-21.4871955439505,669.77361059445
-55.640730994438,-21.4871773487583,669.576829721373
-55.6396886773302,-21.4871591470655,669.380048848297
-55.6386463604815,-21.4871409388722,669.18326797522
-55.6376040438922,-21.4871227241783,668.986487102144
-55.6365617275623,-21.4871045029838,668.789706229068
-55.6355194114919,-21.4870862752889,668.592925355991
-55.6344770956811,-21.4870680410933,668.396144482915
-55.63343478013,-21.4870498003973,668.199363609838
-55.6323924648387,-21.4870315532007,668.002582736762
-55.6313501498072,-21.4870132995037,667.805801863685
-55.6303078350357,-21.4869950393061,667.609020990609
-55.6292655205243,-21.486976772608,667.412240117532
-55.628223206273,-21.4869584994095,667.215459244456
-55.627180892282,-21.4869402197104,667.018678371379
-55.6261385785513,-21.4869219335109,666.821897498303
-55.625096265081,-21.486903640811,666.625116625227
-55.6240539518712,-21.4868853416105,666.42833575215
-55.6230116389221,-21.4868670359097,666.231554879074
-55.6219693262337,-21.4868487237084,666.034774005997
-55.620927013806,-21.4868304050066,665.837993132921
-55.6198847016393,-21.4868120798044,665.641212259844
-55.6188423897335,-21.4867937481019,665.444431386768
-55.6178000780888,-21.4867754098989,665.247650513691
-55.6167577667052,-21.4867570651955,665.050869640615
-55.615715455583,-21.4867387139917,664.854088767539
-55.614673144722,-21.4867203562875,664.657307894462
-55.6136308341225,-21.4867019920829,664.460527021386
-55.6125885237846,-21.486683621378,664.263746148309
-55.6115462137082,-21.4866652441727,664.066965275233
-55.6105039038936,-21.486646860467,663.870184402156
-55.6094615943408,-21.486628470261,663.67340352908
-55.6084192850499,-21.4866100735547,663.476622656003
-55.607376976021,-21.486591670348,663.279841782927
-55.6063346672542,-21.486573260641,663.08306090985
-55.6052923587496,-21.4865548444337,662.886280036774
-55.6042500505072,-21.4865364217261,662.689499163698
-55.6032077425272,-21.4865179925181,662.492718290621
-55.6021654348097,-21.4864995568099,662.295937417545
-55.6011231273547,-21.4864811146014,662.099156544468
-55.6000808201624,-21.4864626658926,661.902375671392
-55.5990385132327,-21.4864442106835,661.705594798315
-55.5979962065659,-21.4864257489742,661.508813925239
-55.5969539001621,-21.4864072807646,661.312033052162
-55.5959115940212,-21.4863888060548,661.115252179086
-55.5948692881434,-21.4863703248447,660.91847130601
-55.5938269825289,-21.4863518371344,660.721690432933
-55.5927846771776,-21.4863333429239,660.524909559857
-55.5917423720897,-21.4863148422131,660.32812868678
-55.5907000672653,-21.4862963350022,660.131347813704
-55.5896577627044,-21.486277821291,659.934566940627
-55.5886154584072,-21.4862593010797,659.737786067551
-55.5875731543737,-21.4862407743681,659.541005194474
-55.5865308506041,-21.4862222411564,659.344224321398
-55.5854885470984,-21.4862037014445,659.147443448321
-55.5844462438568,-21.4861851552325,658.950662575245
-55.5834039408792,-21.4861666025203,658.753881702169
-55.5823616381659,-21.4861480433079,658.557100829092
-55.5813193357168,-21.4861294775955,658.360319956016
-55.5802770335322,-21.4861109053828,658.163539082939
-55.579234731612,-21.4860923266701,657.966758209863
-55.5781924299564,-21.4860737414572,657.769977336786
-55.5771501285655,-21.4860551497442,657.57319646371
-55.5761078274394,-21.4860365515312,657.376415590633
-55.5750655265781,-21.486017946818,657.179634717557
-55.5740232259818,-21.4859993356048,656.98285384448
-55.5729809256504,-21.4859807178914,656.786072971404
-55.5719386255843,-21.4859620936781,656.589292098328
-55.5708963257833,-21.4859434629646,656.392511225251
-55.5698540262477,-21.4859248257511,656.195730352175
-55.5688117269775,-21.4859061820375,655.998949479098
-55.5677694279727,-21.4858875318239,655.802168606022
-55.5667271292336,-21.4858688751103,655.605387732945
-55.5656848307601,-21.4858502118967,655.408606859869
-55.5646425325525,-21.485831542183,655.211825986793
-55.5636002346107,-21.4858128659693,655.015045113716
-55.5625579369348,-21.4857941832557,654.81826424064
-55.561515639525,-21.485775494042,654.621483367563
-55.5604733423814,-21.4857567983284,654.424702494487
-55.559431045504,-21.4857380961148,654.22792162141
-55.5583887488929,-21.4857193874012,654.031140748334
-55.5573464525483,-21.4857006721876,653.834359875257
-55.5563041564701,-21.4856819504741,653.637579002181
-55.5552618606586,-21.4856632222607,653.440798129104
-55.5542195651138,-21.4856444875473,653.244017256028
-55.5531772698357,-21.485625746334,653.047236382951
-55.5521349748246,-21.4856069986208,652.850455509875
-55.5510926800804,-21.4855882444077,652.653674636799
-55.5500503856033,-21.4855694836946,652.456893763722
-55.5490080913934,-21.4855507164817,652.260112890646
-55.5479657974507,-21.4855319427688,652.063332017569
-55.5469235037753,-21.4855131625561,651.866551144493
-55.5458812103674,-21.4854943758436,651.669770271416
-55.544838917227,-21.4854755826311,651.47298939834
-55.5437966243542,-21.4854567829188,651.276208525263
-55.5427543317492,-21.4854379767066,651.079427652187
-55.5417120394119,-21.4854191639946,650.882646779111
-55.5406697473426,-21.4854003447828,650.685865906034
-55.5396274555412,-21.4853815190712,650.489085032958
-55.538585164008,-21.4853626868597,650.292304159881
-55.5375428727429,-21.4853438481484,650.095523286805
-55.536500581746,-21.4853250029373,649.898742413728
-55.5354582910176,-21.4853061512264,649.701961540652
-55.5344160005575,-21.4852872930157,649.505180667575
-55.5333737103661,-21.4852684283053,649.308399794499
-55.5323314204432,-21.4852495570951,649.111618921423
-55.5312891307891,-21.4852306793851,648.914838048346
-55.5302468414038,-21.4852117951754,648.71805717527
-55.5292045522874,-21.4851929044659,648.521276302193
-55.5281622634401,-21.4851740072567,648.324495429117
-55.5271199748618,-21.4851551035477,648.12771455604
-55.5260776865527,-21.485136193339,647.930933682964
-55.5250353985129,-21.4851172766306,647.734152809887
-55.5239931107424,-21.4850983534225,647.537371936811
-55.5229508232415,-21.4850794237147,647.340591063734
-55.5219085360101,-21.4850604875072,647.143810190658
-55.5208662490483,-21.4850415448001,646.947029317582
-55.5198239623563,-21.4850225955932,646.750248444505
-55.5187816759341,-21.4850036398867,646.553467571429
-55.5177393897818,-21.4849846776805,646.356686698352
-55.5166971038996,-21.4849657089747,646.159905825276
-55.5156548182875,-21.4849467337692,645.963124952199
-55.5146125329456,-21.4849277520641,645.766344079123
-55.5135702478739,-21.4849087638593,645.569563206046
-55.5125279630727,-21.484889769155,645.37278233297
-55.5114856785419,-21.484870767951,645.176001459894
-55.5104433942817,-21.4848517602474,644.979220586817
-55.5094011102922,-21.4848327460443,644.782439713741
-55.5083588265734,-21.4848137253415,644.585658840664
-55.5073165431255,-21.4847946981392,644.388877967588
-55.5062742599485,-21.4847756644373,644.192097094511
-55.5052319770426,-21.4847566242358,643.995316221435
-55.5041896944078,-21.4847375775347,643.798535348358
-55.5031474120442,-21.4847185243342,643.601754475282
-55.5021051299519,-21.484699464634,643.404973602205
-55.501062848131,-21.4846803984344,643.208192729129
-55.5000205665816,-21.4846613257352,643.011411856053
-55.4989782853038,-21.4846422465365,642.814630982976
-55.4979360042977,-21.4846231608383,642.6178501099
-55.4968937235633,-21.4846040686406,642.421069236823
-55.4958514431008,-21.4845849699434,642.224288363747
-55.4948091629103,-21.4845658647467,642.02750749067
-55.4937668829918,-21.4845467530506,641.830726617594
-55.4927246033454,-21.4845276348549,641.633945744517
-55.4916823239713,-21.4845085101599,641.437164871441
-55.4906400448695,-21.4844893789653,641.240383998365
-55.4895977660401,-21.4844702412713,641.043603125288
-55.4885554874832,-21.4844510970779,640.846822252212
-55.487513209199,-21.4844319463851,640.650041379135
-55.4864709311874,-21.4844127891928,640.453260506059
-55.4854286534486,-21.4843936255011,640.256479632982
-55.4843863759827,-21.48437445531,640.059698759906
-55.4833440987897,-21.4843552786195,639.862917886829
-55.4823018218698,-21.4843360954297,639.666137013753
-55.4812595452231,-21.4843169057404,639.469356140676
-55.4802172688496,-21.4842977095518,639.2725752676
-55.4791749927495,-21.4842785068638,639.075794394524
-55.4781327169228,-21.4842592976765,638.879013521447
-55.4770904413696,-21.4842400819898,638.682232648371
-55.47604816609,-21.4842208598038,638.485451775294
-55.4750058910841,-21.4842016311184,638.288670902218
-55.473963616352,-21.4841823959337,638.091890029141
-55.4729213418938,-21.4841631542497,637.895109156065
-55.4718790677096,-21.4841439060664,637.698328282988
-55.4708367937995,-21.4841246513838,637.501547409912
-55.4697945201635,-21.4841053902019,637.304766536836
-55.4687522468018,-21.4840861225207,637.107985663759
-55.4677099737145,-21.4840668483403,636.911204790683
-55.4666677009016,-21.4840475676605,636.714423917606
-55.4656254283632,-21.4840282804816,636.51764304453
-55.4645831560995,-21.4840089868033,636.320862171453
-55.4635408841105,-21.4839896866258,636.124081298377
-55.4624986123963,-21.4839703799491,635.9273004253
-55.461456340957,-21.4839510667732,635.730519552224
-55.4604140697927,-21.483931747098,635.533738679148
-55.4593717989035,-21.4839124209237,635.336957806071
-55.4583295282894,-21.4838930882501,635.140176932995
-55.4572872579507,-21.4838737490773,634.943396059918
-55.4562449878873,-21.4838544034054,634.746615186842
-55.4552027180994,-21.4838350512342,634.549834313765
-55.454160448587,-21.4838156925639,634.353053440689
-55.4531181793502,-21.4837963273945,634.156272567612
-55.4520759103892,-21.4837769557258,633.959491694536
-55.4510336417041,-21.4837575775581,633.762710821459
-55.4499913732948,-21.4837381928912,633.565929948383
-55.4489491051616,-21.4837188017251,633.369149075307
-55.4479068373044,-21.48369940406,633.17236820223
-55.4468645697235,-21.4836799998957,632.975587329154
-55.4458223024188,-21.4836605892324,632.778806456077
-55.4447800353906,-21.4836411720699,632.582025583001
-55.4437377686387,-21.4836217484083,632.385244709924
-55.4426955021635,-21.4836023182477,632.188463836848
-55.4416532359649,-21.483582881588,631.991682963771
-55.4406109700431,-21.4835634384292,631.794902090695
-55.4395687043981,-21.4835439887714,631.598121217619
-55.43852643903,-21.4835245326145,631.401340344542
-55.437484173939,-21.4835050699586,631.204559471466
-55.4364419091251,-21.4834856008036,631.007778598389
-55.4353996445884,-21.4834661251496,630.810997725313
-55.434357380329,-21.4834466429967,630.614216852236
-55.4333151163469,-21.4834271543447,630.41743597916
-55.4322728526424,-21.4834076591937,630.220655106083
-55.4312305892155,-21.4833881575437,630.023874233007
-55.4301883260662,-21.4833686493947,629.82709335993
-55.4291460631947,-21.4833491347468,629.630312486854
-55.428103800601,-21.4833296135998,629.433531613778
-55.4270615382853,-21.483310085954,629.236750740701
-55.4260192762476,-21.4832905518092,629.039969867625
-55.4249770144881,-21.4832710111654,628.843188994548
-55.4239347530068,-21.4832514640227,628.646408121472
-55.4228924918038,-21.4832319103811,628.449627248395
-55.4218502308792,-21.4832123502405,628.252846375319
-55.4208079702331,-21.4831927836011,628.056065502242
-55.4197657098656,-21.4831732104627,627.859284629166
-55.4187234497767,-21.4831536308255,627.66250375609
-55.4176811899667,-21.4831340446894,627.465722883013
-55.4166389304355,-21.4831144520543,627.268942009937
-55.4155966711833,-21.4830948529205,627.07216113686
-55.4145544122101,-21.4830752472877,626.875380263784
-55.4135121535161,-21.4830556351562,626.678599390707
-55.4124698951013,-21.4830360165257,626.481818517631
-55.4114276369659,-21.4830163913965,626.285037644554
-55.4103853791099,-21.4829967597684,626.088256771478
-55.4093431215334,-21.4829771216415,625.891475898401
-55.4083008642364,-21.4829574770157,625.694695025325
-55.4072586072192,-21.4829378258912,625.497914152249
-55.4062163504818,-21.4829181682679,625.301133279172
-55.4051740940243,-21.4828985041458,625.104352406096
-55.4041318378467,-21.4828788335249,624.907571533019
-55.4030895819492,-21.4828591564053,624.710790659943
-55.4020473263319,-21.4828394727869,624.514009786866
-55.4010050709948,-21.4828197826697,624.31722891379
-55.399962815938,-21.4828000860538,624.120448040713
-55.3989205611617,-21.4827803829391,623.923667167637
-55.397878306666,-21.4827606733258,623.72688629456
-55.3968360524508,-21.4827409572137,623.530105421484
-55.3957937985163,-21.4827212346029,623.333324548408
-55.3947515448627,-21.4827015054934,623.136543675331
-55.3937092914899,-21.4826817698851,622.939762802255
-55.3926670383982,-21.4826620277783,622.742981929178
-55.3916247855875,-21.4826422791727,622.546201056102
-55.390582533058,-21.4826225240684,622.349420183025
-55.3895402808098,-21.4826027624655,622.152639309949
-55.3884980288429,-21.482582994364,621.955858436873
-55.3874557771574,-21.4825632197638,621.759077563796
-55.3864135257535,-21.4825434386649,621.56229669072
-55.3853712746313,-21.4825236510675,621.365515817643
-55.3843290237907,-21.4825038569714,621.168734944567
-55.383286773232,-21.4824840563767,620.97195407149
-55.3822445229552,-21.4824642492834,620.775173198414
-55.3812022729604,-21.4824444356915,620.578392325337
-55.3801600232477,-21.482424615601,620.381611452261
-55.3791177738171,-21.4824047890119,620.184830579184
-55.3780755246689,-21.4823849559243,619.988049706108
-55.377033275803,-21.4823651163381,619.791268833031
-55.3759910272196,-21.4823452702533,619.594487959955
-55.3749487789187,-21.48232541767,619.397707086879
-55.3739065309005,-21.4823055585882,619.200926213802
-55.372864283165,-21.4822856930078,619.004145340726
-55.3718220357124,-21.4822658209289,618.807364467649
-55.3707797885427,-21.4822459423515,618.610583594573
-55.3697375416559,-21.4822260572756,618.413802721496
-55.3686952950523,-21.4822061657012,618.21702184842
-55.3676530487319,-21.4821862676283,618.020240975343
-55.3666108026948,-21.482166363057,617.823460102267
-55.3655685569411,-21.4821464519871,617.626679229191
-55.3645263114709,-21.4821265344188,617.429898356114
-55.3634840662842,-21.4821066103521,617.233117483038
-55.3624418213812,-21.4820866797869,617.036336609961
-55.3613995767619,-21.4820667427232,616.839555736885
-55.3603573324265,-21.4820467991611,616.642774863808
-55.359315088375,-21.4820268491007,616.445993990732
-55.3582728446075,-21.4820068925418,616.249213117655
-55.3572306011242,-21.4819869294844,616.052432244579
-55.3561883579251,-21.4819669599287,615.855651371503
-55.3551461150102,-21.4819469838747,615.658870498426
-55.3541038723798,-21.4819270013222,615.46208962535
-55.3530616300339,-21.4819070122713,615.265308752273
-55.3520193879725,-21.4818870167221,615.068527879197
-55.3509771461959,-21.4818670146746,614.87174700612
-55.349934904704,-21.4818470061287,614.674966133044
-55.3488926634969,-21.4818269910844,614.478185259967
-55.3478504225748,-21.4818069695419,614.281404386891
-55.3468081819377,-21.481786941501,614.084623513814
-55.3457659415858,-21.4817669069618,613.887842640738
-55.3447237015191,-21.4817468659243,613.691061767662
-55.3436814617377,-21.4817268183885,613.494280894585
-55.3426392222418,-21.4817067643544,613.297500021509
-55.3415969830313,-21.481686703822,613.100719148432
-55.3405547441064,-21.4816666367914,612.903938275356
-55.3395125054672,-21.4816465632625,612.707157402279
-55.3384702671138,-21.4816264832353,612.510376529203
-55.3374280290463,-21.48160639671,612.313595656126
-55.3363857912647,-21.4815863036863,612.11681478305
-55.3353435537692,-21.4815662041645,611.920033909974
-55.3343013165599,-21.4815460981444,611.723253036897
-55.3332590796367,-21.4815259856261,611.526472163821
-55.3322168429999,-21.4815058666096,611.329691290744
-55.3311746066496,-21.4814857410949,611.132910417668
-55.3301323705857,-21.481465609082,610.936129544591
-55.3290901348085,-21.481445470571,610.739348671515
-55.3280478993179,-21.4814253255618,610.542567798438
-55.3270056641142,-21.4814051740544,610.345786925362
-55.3259634291973,-21.4813850160489,610.149006052285
-55.3249211945674,-21.4813648515452,609.952225179209
-55.3238789602246,-21.4813446805434,609.755444306133
-55.322835940236,-21.4813277909347,609.599999073408
-55.3217973369129,-21.4812479660907,609.599999073408
-55.3207707484318,-21.481080313339,609.599999073408
-55.3197646355909,-21.4808262144214,609.599999073408
-55.3187872903259,-21.480487763533,609.599999073408
-55.3178467673315,-21.4800677500521,609.599999073408
-55.3169508176444,-21.4795696355372,609.599999073408
-55.3161068247356,-21.4789975251819,609.599999073408
-55.3153217436424,-21.4783561339631,609.599999073408
-55.3146020436391,-21.4776507477632,609.599999073408
-55.3139536549229,-21.4768871797863,609.599999073408
-55.3133819197519,-21.4760717226292,609.599999073408
-55.3128915484397,-21.4752110964033,609.599999073408
-55.3124865805667,-21.4743123933349,609.599999073408
-55.3121694704914,-21.4733832596649,609.599999073408
-55.3118858320471,-21.472444368052,609.599999073408
-55.3116021972382,-21.4715054758527,609.599999073408
-55.3113185660644,-21.4705665830669,609.599999073408
-55.3110349385255,-21.4696276896948,609.599999073408
-55.3107513146212,-21.4686887957363,609.599999073408
-55.3104676943513,-21.4677499011915,609.599999073408
-55.3101840777157,-21.4668110060604,609.599999073408
-55.3099004647141,-21.465872110343,609.599999073408
-55.3096168553463,-21.4649332140395,609.599999073408
-55.309333249612,-21.4639943171497,609.599999073408
-55.3090496475111,-21.4630554196738,609.599999073408
-55.3087660490433,-21.4621165216118,609.599999073408
-55.3084824542085,-21.4611776229637,609.599999073408
-55.3081988630063,-21.4602387237295,609.599999073408
-55.3079152754365,-21.4592998239094,609.599999073408
-55.307631691499,-21.4583609235032,609.599999073408
-55.3073481111936,-21.4574220225111,609.599999073408
-55.30706453452,-21.456483120933,609.599999073408
-55.3067809614779,-21.4555442187691,609.599999073408
-55.3064973920672,-21.4546053160193,609.599999073408
-55.3062138262877,-21.4536664126836,609.599999073408
-55.3059302641391,-21.4527275087622,609.599999073408
-55.3056467056212,-21.451788604255,609.599999073408
-55.3053631507338,-21.4508496991621,609.599999073408
-55.3050795994767,-21.4499107934835,609.599999073408
-55.3047960518496,-21.4489718872192,609.599999073408
-55.3045125078524,-21.4480329803694,609.599999073408
-55.3042289674848,-21.4470940729339,609.599999073408
-55.3039454307466,-21.4461551649128,609.599999073408
-55.3036618976375,-21.4452162563062,609.599999073408
-55.3033783681575,-21.4442773471142,609.599999073408
-55.3030948423061,-21.4433384373366,609.599999073408
-55.3028113200833,-21.4423995269736,609.599999073408
-55.3025278014888,-21.4414606160253,609.599999073408
-55.3022442865224,-21.4405217044915,609.599999073408
-55.3019607751838,-21.4395827923725,609.599999073408
-55.3016772674729,-21.4386438796681,609.599999073408
-55.3013937633894,-21.4377049663784,609.599999073408
-55.3011102629331,-21.4367660525036,609.599999073408
-55.3008267661038,-21.4358271380435,609.599999073408
-55.3005432729012,-21.4348882229982,609.599999073408
-55.3002597833081,-21.4339493073115,609.599999073408
-55.2999762973581,-21.4330103910947,609.599999073408
-55.2996928150341,-21.4320714742928,609.599999073408
-55.299409336336,-21.4311325569058,609.599999073408
-55.2991258612636,-21.4301936389339,609.599999073408
-55.2988423898167,-21.429254720377,609.599999073408
-55.298558921995,-21.4283158012351,609.599999073408
-55.2982754577983,-21.4273768815083,609.599999073408
-55.2979919972264,-21.4264379611967,609.599999073408
-55.2977085402791,-21.4254990403002,609.599999073408
-55.2974250869561,-21.4245601188189,609.599999073408
-55.2971416372573,-21.4236211967529,609.599999073408
-55.2968581911823,-21.4226822741021,609.599999073408
-55.2965747487311,-21.4217433508665,609.599999073408
-55.2962913099034,-21.4208044270463,609.599999073408
-55.2960078746989,-21.4198655026415,609.599999073408
-55.2957244431175,-21.418926577652,609.599999073408
-55.2954410151589,-21.417987652078,609.599999073408
-55.2951575908229,-21.4170487259194,609.599999073408
-55.2948741701093,-21.4161097991763,609.599999073408
-55.2945907530179,-21.4151708718487,609.599999073408
-55.2943073395484,-21.4142319439367,609.599999073408
-55.2940239297006,-21.4132930154402,609.599999073408
-55.2937405234744,-21.4123540863594,609.599999073408
-55.2934571208694,-21.4114151566942,609.599999073408
-55.2931737218855,-21.4104762264448,609.599999073408
-55.2928903265225,-21.409537295611,609.599999073408
-55.2926069347801,-21.4085983641929,609.599999073408
-55.2923235466581,-21.4076594321907,609.599999073408
-55.2920401621564,-21.4067204996042,609.599999073408
-55.2917567812746,-21.4057815664336,609.599999073408
-55.2914734040125,-21.4048426326789,609.599999073408
-55.29119003037,-21.4039036983401,609.599999073408
-55.2909066603468,-21.4029647634173,609.599999073408
-55.2906232939428,-21.4020258279104,609.599999073408
-55.2903399311576,-21.4010868918195,609.599999073408
-55.2900565719911,-21.4001479551447,609.599999073408
-55.289773216443,-21.3992090178859,609.599999073408
-55.2894898645131,-21.3982700800433,609.599999073408
-55.2892065162013,-21.3973311416168,609.599999073408
-55.2889231715072,-21.3963922026064,609.599999073408
-55.2886398304308,-21.3954532630123,609.599999073408
-55.2883564929717,-21.3945143228344,609.599999073408
-55.2880731591297,-21.3935753820728,609.599999073408
-55.2877898289046,-21.3926364407275,609.599999073408
-55.2875065022962,-21.3916974987985,609.599999073408
-55.2872231793043,-21.3907585562859,609.599999073408
-55.2869398599287,-21.3898196131897,609.599999073408
-55.2866565441691,-21.38888066951,609.599999073408
-55.2863732320253,-21.3879417252467,609.599999073408
-55.2860899234972,-21.3870027803999,609.599999073408
-55.2858066185844,-21.3860638349696,609.599999073408
-55.2855233172868,-21.3851248889559,609.599999073408
-55.2852400196041,-21.3841859423588,609.599999073408
-55.2849567255362,-21.3832469951783,609.599999073408
-55.2846734350828,-21.3823080474145,609.599999073408
-55.2843901482436,-21.3813690990674,609.599999073408
-55.2841068650186,-21.380430150137,609.599999073408
-55.2838235854074,-21.3794912006234,609.599999073408
-55.2835403094098,-21.3785522505266,609.599999073408
-55.2832570370256,-21.3776132998466,609.599999073408
-55.2829737682547,-21.3766743485835,609.599999073408
-55.2826905030967,-21.3757353967372,609.599999073408
-55.2824072415515,-21.3747964443079,609.599999073408
-55.2821239836189,-21.3738574912956,609.599999073408
-55.2818407292985,-21.3729185377002,609.599999073408
-55.2815574785903,-21.3719795835219,609.599999073408
-55.2812742314939,-21.3710406287606,609.599999073408
-55.2809909880093,-21.3701016734164,609.599999073408
-55.280707748136,-21.3691627174893,609.599999073408
-55.2804245118741,-21.3682237609794,609.599999073408
-55.2801412792231,-21.3672848038867,609.599999073408
-55.2798580501829,-21.3663458462112,609.599999073408
-55.2795748247533,-21.3654068879529,609.599999073408
-55.279291602934,-21.364467929112,609.599999073408
-55.2790083847249,-21.3635289696883,609.599999073408
-55.2787251701258,-21.362590009682,609.599999073408
-55.2784419591363,-21.3616510490931,609.599999073408
-55.2781587517563,-21.3607120879216,609.599999073408
-55.2778755479856,-21.3597731261676,609.599999073408
-55.2775923478239,-21.358834163831,609.599999073408
-55.277309151271,-21.357895200912,609.599999073408
-55.2770259583268,-21.3569562374105,609.599999073408
-55.2767427689909,-21.3560172733265,609.599999073408
-55.2764595832633,-21.3550783086602,609.599999073408
-55.2761764011436,-21.3541393434116,609.599999073408
-55.2758932226316,-21.3532003775806,609.599999073408
-55.2756100477271,-21.3522614111673,609.599999073408
-55.27532687643,-21.3513224441718,609.599999073408
-55.2750437087399,-21.350383476594,609.599999073408
-55.2747605446567,-21.3494445084341,609.599999073408
-55.2744773841802,-21.348505539692,609.599999073408
-55.27419422731,-21.3475665703677,609.599999073408
-55.2739110740461,-21.3466276004614,609.599999073408
-55.2736279243882,-21.345688629973,609.599999073408
-55.273344778336,-21.3447496589026,609.599999073408
-55.2730616358894,-21.3438106872502,609.599999073408
-55.2727784970482,-21.3428717150158,609.599999073408
-55.272495361812,-21.3419327421995,609.599999073408
-55.2722122301808,-21.3409937688013,609.599999073408
-55.2719291021542,-21.3400547948213,609.599999073408
-55.2716459777321,-21.3391158202594,609.599999073408
-55.2713628569143,-21.3381768451157,609.599999073408
-55.2710797397005,-21.3372378693902,609.599999073408
-55.2707966260904,-21.336298893083,609.599999073408
-55.270513516084,-21.3353599161941,609.599999073408
-55.270230409681,-21.3344209387236,609.599999073408
-55.2699473068811,-21.3334819606714,609.599999073408
-55.2696642076841,-21.3325429820376,609.599999073408
-55.2693811120899,-21.3316040028222,609.599999073408
-55.2690980200982,-21.3306650230253,609.599999073408
-55.2688149317087,-21.3297260426469,609.599999073408
-55.2685318469213,-21.328787061687,609.599999073408
-55.2682487657358,-21.3278480801457,609.599999073408
-55.2679656881519,-21.3269090980229,609.599999073408
-55.2676826141694,-21.3259701153188,609.599999073408
-55.267399543788,-21.3250311320334,609.599999073408
-55.2671164770077,-21.3240921481666,609.599999073408
-55.2668334138281,-21.3231531637186,609.599999073408
-55.2665503542491,-21.3222141786893,609.599999073408
-55.2662672982704,-21.3212751930788,609.599999073408
-55.2659842458917,-21.3203362068871,609.599999073408
-55.265701197113,-21.3193972201143,609.599999073408
-55.2654181519339,-21.3184582327604,609.599999073408
-55.2651351103543,-21.3175192448254,609.599999073408
-55.2648520723739,-21.3165802563093,609.599999073408
-55.2645690379926,-21.3156412672122,609.599999073408
-55.26428600721,-21.3147022775342,609.599999073408
-55.264002980026,-21.3137632872752,609.599999073408
-55.2637199564403,-21.3128242964353,609.599999073408
-55.2634369364528,-21.3118853050144,609.599999073408
-55.2631539200632,-21.3109463130128,609.599999073408
-55.2628709072713,-21.3100073204303,609.599999073408
-55.2625878980769,-21.309068327267,609.599999073408
-55.2623048924798,-21.308129333523,609.599999073408
-55.2620218904797,-21.3071903391983,609.599999073408
-55.2617388920765,-21.3062513442928,609.599999073408
-55.2614558972698,-21.3053123488067,609.599999073408
-55.2611729060596,-21.30437335274,609.599999073408
-55.2608899184456,-21.3034343560927,609.599999073408
-55.2606069344275,-21.3024953588649,609.599999073408
-55.2603239540051,-21.3015563610565,609.599999073408
-55.2600409771783,-21.3006173626676,609.599999073408
-55.2597580039468,-21.2996783636982,609.599999073408
-55.2594750343103,-21.2987393641485,609.599999073408
-55.2591920682688,-21.2978003640183,609.599999073408
-55.2589091058219,-21.2968613633078,609.599999073408
-55.2586261469694,-21.2959223620169,609.599999073408
-55.2583431917112,-21.2949833601458,609.599999073408
-55.2580602400469,-21.2940443576943,609.599999073408
-55.2577772919765,-21.2931053546627,609.599999073408
-55.2574943474996,-21.2921663510508,609.599999073408
-55.257211406616,-21.2912273468588,609.599999073408
-55.2569284693256,-21.2902883420867,609.599999073408
-55.2566455356281,-21.2893493367344,609.599999073408
-55.2563626055233,-21.2884103308021,609.599999073408
-55.256079679011,-21.2874713242897,609.599999073408
-55.2557967560909,-21.2865323171973,609.599999073408
-55.2555138367629,-21.285593309525,609.599999073408
-55.2552309210267,-21.2846543012727,609.599999073408
-55.2549480088821,-21.2837152924405,609.599999073408
-55.2546651003289,-21.2827762830285,609.599999073408
-55.2543821953668,-21.2818372730366,609.599999073408
-55.2540992939957,-21.2808982624649,609.599999073408
-55.2538163962154,-21.2799592513134,609.599999073408
-55.2535335020255,-21.2790202395822,609.599999073408
-55.253250611426,-21.2780812272712,609.599999073408
-55.2529677244166,-21.2771422143806,609.599999073408
-55.252684840997,-21.2762032009104,609.599999073408
-55.252401961167,-21.2752641868605,609.599999073408
-55.2521190849265,-21.274325172231,609.599999073408
-55.2518362122752,-21.273386157022,609.599999073408
-55.2515533432129,-21.2724471412335,609.599999073408
-55.2512704777394,-21.2715081248655,609.599999073408
-55.2509876158544,-21.2705691079181,609.599999073408
-55.2507047575578,-21.2696300903912,609.599999073408
-55.2504219028493,-21.268691072285,609.599999073408
-55.2501390517287,-21.2677520535994,609.599999073408
-55.2498562041958,-21.2668130343344,609.599999073408
-55.2495733602504,-21.2658740144902,609.599999073408
-55.2492905198922,-21.2649349940667,609.599999073408
-55.2490076831211,-21.2639959730641,609.599999073408
-55.2487248499368,-21.2630569514822,609.599999073408
-55.248442020339,-21.2621179293212,609.599999073408
-55.2481591943277,-21.261178906581,609.599999073408
-55.2478763719026,-21.2602398832618,609.599999073408
-55.2475935530633,-21.2593008593635,609.599999073408
-55.2473107378099,-21.2583618348861,609.599999073408
-55.2470279261419,-21.2574228098298,609.599999073408
-55.2467451180592,-21.2564837841945,609.599999073408
-55.2464623135616,-21.2555447579803,609.599999073408
-55.2461795126489,-21.2546057311872,609.599999073408
-55.2458967153208,-21.2536667038152,609.599999073408
-55.2456139215772,-21.2527276758644,609.599999073408
-55.2453311314177,-21.2517886473348,609.599999073408
-55.2450483448423,-21.2508496182264,609.599999073408
-55.2447655618506,-21.2499105885393,609.599999073408
-55.2444827824425,-21.2489715582735,609.599999073408
-55.2442000066177,-21.248032527429,609.599999073408
-55.2439172343761,-21.2470934960059,609.599999073408
-55.2436344657173,-21.2461544640042,609.599999073408
-55.2433517006413,-21.2452154314239,609.599999073408
-55.2430689391477,-21.2442763982651,609.599999073408
-55.2427861812364,-21.2433373645278,609.599999073408
-55.2425034269071,-21.242398330212,609.599999073408
-55.2422206761596,-21.2414592953178,609.599999073408
-55.2419379289937,-21.2405202598451,609.599999073408
-55.2416551854093,-21.2395812237941,609.599999073408
-55.241372445406,-21.2386421871647,609.599999073408
-55.2410897089836,-21.2377031499571,609.599999073408
-55.240806976142,-21.2367641121711,609.599999073408
-55.2405242468809,-21.2358250738069,609.599999073408
-55.2402415212,-21.2348860348645,609.599999073408
-55.2399587990993,-21.2339469953439,609.599999073408
-55.2396760805784,-21.2330079552452,609.599999073408
-55.2393933656372,-21.2320689145683,609.599999073408
-55.2391106542755,-21.2311298733134,609.599999073408
-55.2388279464929,-21.2301908314804,609.599999073408
-55.2385452422893,-21.2292517890694,609.599999073408
-55.2382625416645,-21.2283127460804,609.599999073408
-55.2379798446183,-21.2273737025135,609.599999073408
-55.2376971511504,-21.2264346583687,609.599999073408
-55.2374144612606,-21.2254956136459,609.599999073408
-55.2371317749488,-21.2245565683453,609.599999073408
-55.2368490922146,-21.2236175224669,609.599999073408
-55.2365664130579,-21.2226784760107,609.599999073408
-55.2362837374785,-21.2217394289767,609.599999073408
-55.2359948493984,-21.2208012551497,609.599999073408
-55.2356917408263,-21.2198678289031,609.599999073408
-55.2353886360665,-21.2189344020092,609.599999073408
-55.2350855351187,-21.218000974468,609.599999073408
-55.2347824379827,-21.2170675462795,609.599999073408
-55.2344793446583,-21.2161341174438,609.599999073408
-55.2341762551453,-21.2152006879609,609.599999073408
-55.2338731694434,-21.2142672578309,609.599999073408
-55.2335700875524,-21.2133338270537,609.599999073408
-55.2332670094721,-21.2124003956295,609.599999073408
-55.2329639352022,-21.2114669635582,609.599999073408
-55.2326608647425,-21.2105335308399,609.599999073408
-55.2323577980929,-21.2096000974747,609.599999073408
-55.2320547352529,-21.2086666634625,609.599999073408
-55.2317516762225,-21.2077332288034,609.599999073408
-55.2314486210014,-21.2067997934974,609.599999073408
-55.2311455695894,-21.2058663575447,609.599999073408
-55.2308425219861,-21.2049329209451,609.599999073408
-55.2305394781915,-21.2039994836988,609.599999073408
-55.2302364382053,-21.2030660458058,609.599999073408
-55.2299334020272,-21.2021326072661,609.599999073408
-55.229630369657,-21.2011991680798,609.599999073408
-55.2293273410946,-21.2002657282469,609.599999073408
-55.2290243163395,-21.1993322877674,609.599999073408
-55.2287212953917,-21.1983988466413,609.599999073408
-55.2284182782509,-21.1974654048688,609.599999073408
-55.2281152649169,-21.1965319624498,609.599999073408
-55.2278122553894,-21.1955985193844,609.599999073408
-55.2275092496682,-21.1946650756726,609.599999073408
-55.2272062477531,-21.1937316313145,609.599999073408
-55.2269032496439,-21.1927981863101,609.599999073408
-55.2266002553403,-21.1918647406593,609.599999073408
-55.226297264842,-21.1909312943624,609.599999073408
-55.225994278149,-21.1899978474192,609.599999073408
-55.2256912952608,-21.1890643998299,609.599999073408
-55.2253883161774,-21.1881309515945,609.599999073408
-55.2250853408984,-21.1871975027129,609.599999073408
-55.2247823694237,-21.1862640531853,609.599999073408
-55.224479401753,-21.1853306030117,609.599999073408
-55.2241764378861,-21.1843971521921,609.599999073408
-55.2238734778228,-21.1834637007265,609.599999073408
-55.2235705215628,-21.1825302486151,609.599999073408
-55.2232675690879,-21.1815967958026,609.599999073408
-55.2229646204334,-21.1806633423981,609.599999073408
-55.2226616755816,-21.1797298883479,609.599999073408
-55.2223587345322,-21.1787964336518,609.599999073408
-55.2220557972849,-21.1778629783101,609.599999073408
-55.2217528638397,-21.1769295223226,609.599999073408
-55.2214499341961,-21.1759960656895,609.599999073408
-55.221147008354,-21.1750626084108,609.599999073408
-55.2208440863132,-21.1741291504865,609.599999073408
-55.2205411680735,-21.1731956919166,609.599999073408
-55.2202382536345,-21.1722622327013,609.599999073408
-55.2199353429961,-21.1713287728404,609.599999073408
-55.2196324361581,-21.1703953123342,609.599999073408
-55.2193295331202,-21.1694618511825,609.599999073408
-55.2190266338822,-21.1685283893855,609.599999073408
-55.2187237384438,-21.1675949269432,609.599999073408
-55.2184208468049,-21.1666614638555,609.599999073408
-55.2181179589652,-21.1657280001226,609.599999073408
-55.2178150749244,-21.1647945357445,609.599999073408
-55.2175121946824,-21.1638610707213,609.599999073408
-55.2172093182389,-21.1629276050528,609.599999073408
-55.2169064455937,-21.1619941387393,609.599999073408
-55.2166035767466,-21.1610606717807,609.599999073408
-55.2163007116972,-21.1601272041771,609.599999073408
-55.2159978504455,-21.1591937359285,609.599999073408
-55.2156949929912,-21.1582602670349,609.599999073408
-55.215392139334,-21.1573267974964,609.599999073408
-55.2150892894737,-21.156393327313,609.599999073408
-55.2147864434101,-21.1554598564847,609.599999073408
-55.2144836011429,-21.1545263850117,609.599999073408
-55.214180762672,-21.1535929128938,609.599999073408
-55.213877927997,-21.1526594401312,609.599999073408
-55.2135750971179,-21.151725966724,609.599999073408
-55.2132722700342,-21.150792492672,609.599999073408
-55.2129694467459,-21.1498590179754,609.599999073408
-55.2126666272527,-21.1489255426343,609.599999073408
-55.2123638115543,-21.1479920666485,609.599999073408
-55.2120609996505,-21.1470585900183,609.599999073408
-55.2117581915412,-21.1461251127435,609.599999073408
-55.2114553872259,-21.1451916348243,609.599999073408
-55.2111525867047,-21.1442581562607,609.599999073408
-55.2108497899771,-21.1433246770527,609.599999073408
-55.210546997043,-21.1423911972004,609.599999073408
-55.2102442079022,-21.1414577167038,609.599999073408
-55.2099414225543,-21.1405242355629,609.599999073408
-55.2096386409993,-21.1395907537778,609.599999073408
-55.2093358632368,-21.1386572713485,609.599999073408
-55.2090330892667,-21.137723788275,609.599999073408
-55.2087303190887,-21.1367903045574,609.599999073408
-55.2084275527025,-21.1358568201957,609.599999073408
-55.208124790108,-21.13492333519,609.599999073408
-55.2078220313049,-21.1339898495403,609.599999073408
-55.207519276293,-21.1330563632466,609.599999073408
-55.2072165250721,-21.1321228763089,609.599999073408
-55.2069137776419,-21.1311893887274,609.599999073408
-55.2066110340022,-21.130255900502,609.599999073408
-55.2063082941527,-21.1293224116327,609.599999073408
-55.2060055580934,-21.1283889221197,609.599999073408
-55.2057028258238,-21.1274554319629,609.599999073408
-55.2054000973438,-21.1265219411624,609.599999073408
-55.2050973726532,-21.1255884497182,609.599999073408
-55.2047946517517,-21.1246549576304,609.599999073408
-55.2044919346391,-21.1237214648989,609.599999073408
-55.2041892213152,-21.1227879715239,609.599999073408
-55.2038865117797,-21.1218544775053,609.599999073408
-55.2035838060324,-21.1209209828433,609.599999073408
-55.2032811040732,-21.1199874875377,609.599999073408
-55.2029784059017,-21.1190539915888,609.599999073408
-55.2026757115177,-21.1181204949964,609.599999073408
-55.202373020921,-21.1171869977607,609.599999073408
-55.2020703341114,-21.1162534998817,609.599999073408
-55.2017676510886,-21.1153200013594,609.599999073408
-55.2014649718524,-21.1143865021938,609.599999073408
-55.2011622964027,-21.1134530023851,609.599999073408
-55.2008596247391,-21.1125195019332,609.599999073408
-55.2005569568614,-21.1115860008381,609.599999073408
-55.2002542927694,-21.1106524990999,609.599999073408
-55.1999516324629,-21.1097189967187,609.599999073408
-55.1996489759416,-21.1087854936944,609.599999073408
-55.1993463232054,-21.1078519900272,609.599999073408
-55.1990436742539,-21.106918485717,609.599999073408
-55.198741029087,-21.1059849807639,609.599999073408
-55.1984383877044,-21.1050514751679,609.599999073408
-55.198135750106,-21.104117968929,609.599999073408
-55.1978331162914,-21.1031844620474,609.599999073408
-55.1975304862604,-21.1022509545229,609.599999073408
-55.1972278600129,-21.1013174463558,609.599999073408
-55.1969252375485,-21.1003839375459,609.599999073408
-55.1966226188671,-21.0994504280934,609.599999073408
-55.1963200039684,-21.0985169179982,609.599999073408
-55.1960173928523,-21.0975834072605,609.599999073408
-55.1957147855184,-21.0966498958802,609.599999073408
-55.1954121819665,-21.0957163838574,609.599999073408
-55.1951095821965,-21.0947828711921,609.599999073408
-55.194806986208,-21.0938493578844,609.599999073408
-55.1945043940009,-21.0929158439342,609.599999073408
-55.194201805575,-21.0919823293417,609.599999073408
-55.1938992209299,-21.0910488141069,609.599999073408
-55.1935966400655,-21.0901152982297,609.599999073408
-55.1932940629816,-21.0891817817103,609.599999073408
-55.1929914896779,-21.0882482645487,609.599999073408
-55.1926889201541,-21.0873147467448,609.599999073408
-55.1923863544102,-21.0863812282989,609.599999073408
-55.1920837924457,-21.0854477092108,609.599999073408
-55.1917812342606,-21.0845141894806,609.599999073408
-55.1914786798545,-21.0835806691084,609.599999073408
-55.1911761292273,-21.0826471480941,609.599999073408
-55.1908735823787,-21.0817136264379,609.599999073408
-55.1905710393085,-21.0807801041398,609.599999073408
-55.1902685000165,-21.0798465811998,609.599999073408
-55.1899659645024,-21.0789130576179,609.599999073408
-55.189663432766,-21.0779795333941,609.599999073408
-55.189360904807,-21.0770460085286,609.599999073408
-55.1890583806254,-21.0761124830214,609.599999073408
-55.1887558602207,-21.0751789568724,609.599999073408
-55.1884533435929,-21.0742454300817,609.599999073408
-55.1881508307416,-21.0733119026494,609.599999073408
-55.1878483216666,-21.0723783745755,609.599999073408
-55.1875458163677,-21.0714448458601,609.599999073408
-55.1872433148448,-21.070511316503,609.599999073408
-55.1869408170975,-21.0695777865045,609.599999073408
-55.1866383231255,-21.0686442558646,609.599999073408
-55.1863358329288,-21.0677107245832,609.599999073408
-55.1860333465071,-21.0667771926604,609.599999073408
-55.1857308638601,-21.0658436600962,609.599999073408
-55.1854283849876,-21.0649101268908,609.599999073408
-55.1851259098894,-21.063976593044,609.599999073408
-55.1848234385653,-21.0630430585561,609.599999073408
-55.184520971015,-21.0621095234269,609.599999073408
-55.1842185072382,-21.0611759876565,609.599999073408
-55.1839160472349,-21.060242451245,609.599999073408
-55.1836135910047,-21.0593089141925,609.599999073408
-55.1833111385474,-21.0583753764988,609.599999073408
-55.1830086898628,-21.0574418381641,609.599999073408
-55.1827062449506,-21.0565082991885,609.599999073408
-55.1824038038107,-21.0555747595719,609.599999073408
-55.1821013664428,-21.0546412193143,609.599999073408
-55.1817989328466,-21.0537076784159,609.599999073408
-55.181496503022,-21.0527741368767,609.599999073408
-55.1811940769687,-21.0518405946966,609.599999073408
-55.1808916546866,-21.0509070518758,609.599999073408
-55.1805892361752,-21.0499735084142,609.599999073408
-55.1802868214345,-21.0490399643119,609.599999073408
-55.1799844104642,-21.048106419569,609.599999073408
-55.1796820032641,-21.0471728741855,609.599999073408
-55.179379599834,-21.0462393281613,609.599999073408
-55.1790772001735,-21.0453057814966,609.599999073408
-55.1787748042826,-21.0443722341914,609.599999073408
-55.1784724121609,-21.0434386862457,609.599999073408
-55.1781700238083,-21.0425051376596,609.599999073408
-55.1778676392244,-21.0415715884331,609.599999073408
-55.1775652584092,-21.0406380385662,609.599999073408
-55.1772628813623,-21.0397044880589,609.599999073408
-55.1769605080835,-21.0387709369114,609.599999073408
-55.1766581385726,-21.0378373851236,609.599999073408
-55.1763557728295,-21.0369038326956,609.599999073408
-55.1760534108537,-21.0359702796273,609.599999073408
-55.1757510526452,-21.035036725919,609.599999073408
-55.1754486982036,-21.0341031715705,609.599999073408
-55.1751463475288,-21.0331696165819,609.599999073408
-55.1748440006206,-21.0322360609533,609.599999073408
-55.1745416574786,-21.0313025046847,609.599999073408
-55.1742393181027,-21.0303689477761,609.599999073408
-55.1739369824927,-21.0294353902276,609.599999073408
-55.1736346506483,-21.0285018320392,609.599999073408
-55.1733323225693,-21.0275682732109,609.599999073408
-55.1730299982554,-21.0266347137428,609.599999073408
-55.1727276777065,-21.0257011536349,609.599999073408
-55.1724253609223,-21.0247675928872,609.599999073408
-55.1721230479026,-21.0238340314998,609.599999073408
-55.1718207386471,-21.0229004694728,609.599999073408
-55.1715184331557,-21.0219669068061,609.599999073408
-55.171216131428,-21.0210333434998,609.599999073408
-55.1709138334639,-21.0200997795539,609.599999073408
-55.1706115392632,-21.0191662149685,609.599999073408
-55.1703092488256,-21.0182326497436,609.599999073408
-55.1700069621509,-21.0172990838793,609.599999073408
-55.1697046792388,-21.0163655173755,609.599999073408
-55.1694024000892,-21.0154319502323,609.599999073408
-55.1691001247017,-21.0144983824497,609.599999073408
-55.1687978530763,-21.0135648140279,609.599999073408
-55.1684955852126,-21.0126312449668,609.599999073408
-55.1681933211104,-21.0116976752664,609.599999073408
-55.1678910607695,-21.0107641049268,609.599999073408
-55.1675888041897,-21.009830533948,609.599999073408
-55.1672865513708,-21.0088969623301,609.599999073408
-55.1669843023124,-21.0079633900731,609.599999073408
-55.1666820570144,-21.0070298171771,609.599999073408
-55.1663798154766,-21.006096243642,609.599999073408
-55.1660775776987,-21.0051626694679,609.599999073408
-55.1657753436805,-21.0042290946549,609.599999073408
-55.1654731134218,-21.0032955192029,609.599999073408
-55.1651708869223,-21.0023619431121,609.599999073408
-55.1648686641818,-21.0014283663824,609.599999073408
-55.1645664452002,-21.000494789014,609.599999073408
-55.1642642299771,-20.9995612110067,609.599999073408
-55.1639620185123,-20.9986276323607,609.599999073408
-55.1636598108057,-20.997694053076,609.599999073408
-55.1633576068569,-20.9967604731527,609.599999073408
-55.1630554066658,-20.9958268925907,609.599999073408
-55.1627532102321,-20.9948933113901,609.599999073408
-55.1624510175556,-20.993959729551,609.599999073408
-55.1621488286361,-20.9930261470733,609.599999073408
-55.1618466434733,-20.9920925639572,609.599999073408
-55.161544462067,-20.9911589802026,609.599999073408
-55.1612422844171,-20.9902253958096,609.599999073408
-55.1609401105232,-20.9892918107783,609.599999073408
-55.1606379403851,-20.9883582251086,609.599999073408
-55.1603357740026,-20.9874246388006,609.599999073408
-55.1600336113755,-20.9864910518543,609.599999073408
-55.1597314525036,-20.9855574642698,609.599999073408
-55.1594292973866,-20.9846238760471,609.599999073408
-55.1591271460243,-20.9836902871863,609.599999073408
-55.1588249984165,-20.9827566976873,609.599999073408
-55.1585228545629,-20.9818231075503,609.599999073408
-55.1582207144633,-20.9808895167752,609.599999073408
-55.1579185781175,-20.9799559253621,609.599999073408
-55.1576164455253,-20.979022333311,609.599999073408
-55.1573143166864,-20.978088740622,609.599999073408
-55.1570121916006,-20.9771551472951,609.599999073408
-55.1567100702677,-20.9762215533303,609.599999073408
-55.1564079526874,-20.9752879587277,609.599999073408
-55.1561058388596,-20.9743543634873,609.599999073408
-55.155803728784,-20.9734207676091,609.599999073408
-55.1555016224603,-20.9724871710932,609.599999073408
-55.1551995198884,-20.9715535739396,609.599999073408
-55.154897421068,-20.9706199761484,609.599999073408
-55.1545953259989,-20.9696863777196,609.599999073408
-55.1542932346808,-20.9687527786532,609.599999073408
-55.1539911471136,-20.9678191789492,609.599999073408
-55.153689063297,-20.9668855786078,609.599999073408
-55.1533869832307,-20.9659519776289,609.599999073408
-55.1530849069147,-20.9650183760125,609.599999073408
-55.1527828343485,-20.9640847737588,609.599999073408
-55.1524807655321,-20.9631511708677,609.599999073408
-55.1521787004651,-20.9622175673393,609.599999073408
-55.1518766391473,-20.9612839631736,609.599999073408
-55.1515745815786,-20.9603503583706,609.599999073408
-55.1512725277587,-20.9594167529304,609.599999073408
-55.1509704776873,-20.9584831468531,609.599999073408
-55.1506684313643,-20.9575495401386,609.599999073408
-55.1503663887894,-20.956615932787,609.599999073408
-55.1500643499623,-20.9556823247983,609.599999073408
-55.1497623148829,-20.9547487161727,609.599999073408
-55.149460283551,-20.95381510691,609.599999073408
-55.1491582559662,-20.9528814970103,609.599999073408
-55.1488562321285,-20.9519478864737,609.599999073408
-55.1485542120374,-20.9510142753003,609.599999073408
-55.1482521956929,-20.95008066349,609.599999073408
-55.1479501830947,-20.9491470510428,609.599999073408
-55.1476481742425,-20.9482134379589,609.599999073408
-55.1473461691362,-20.9472798242383,609.599999073408
-55.1470441677755,-20.9463462098809,609.599999073408
-55.1467421701602,-20.9454125948869,609.599999073408
-55.14644017629,-20.9444789792563,609.599999073408
-55.1461381861648,-20.943545362989,609.599999073408
-55.1458361997842,-20.9426117460852,609.599999073408
-55.1455342171482,-20.9416781285448,609.599999073408
-55.1452322382564,-20.940744510368,609.599999073408
-55.1449302631086,-20.9398108915547,609.599999073408
-55.1446282917046,-20.938877272105,609.599999073408
-55.1443263240442,-20.937943652019,609.599999073408
-55.1440243601271,-20.9370100312965,609.599999073408
-55.1437223999532,-20.9360764099378,609.599999073408
-55.1434204435221,-20.9351427879428,609.599999073408
-55.1431184908337,-20.9342091653116,609.599999073408
-55.1428165418877,-20.9332755420441,609.599999073408
-55.142514596684,-20.9323419181405,609.599999073408
-55.1422126552222,-20.9314082936008,609.599999073408
-55.1419107175022,-20.930474668425,609.599999073408
-55.1416087835237,-20.9295410426131,609.599999073408
-55.1413068532865,-20.9286074161652,609.599999073408
-55.1410049267903,-20.9276737890813,609.599999073408
-55.1407030040351,-20.9267401613615,609.599999073408
-55.1404010850204,-20.9258065330058,609.599999073408
-55.1400991697462,-20.9248729040142,609.599999073408
-55.1397972582121,-20.9239392743868,609.599999073408
-55.1394953504179,-20.9230056441235,609.599999073408
-55.1391934463635,-20.9220720132245,609.599999073408
-55.1388915460485,-20.9211383816898,609.599999073408
-55.1385896494728,-20.9202047495193,609.599999073408
-55.1382877566361,-20.9192711167133,609.599999073408
-55.1379858675383,-20.9183374832716,609.599999073408
-55.137683982179,-20.9174038491943,609.599999073408
-55.1373821005581,-20.9164702144814,609.599999073408
-55.1370802226753,-20.9155365791331,609.599999073408
-55.1367783485304,-20.9146029431493,609.599999073408
-55.1364764781232,-20.91366930653,609.599999073408
-55.1361746114534,-20.9127356692754,609.599999073408
-55.1358727485208,-20.9118020313853,609.599999073408
-55.1355708893253,-20.91086839286,609.599999073408
-55.1352690338665,-20.9099347536993,609.599999073408
-55.1349671821442,-20.9090011139034,609.599999073408
-55.1346653341583,-20.9080674734723,609.599999073408
-55.1343634899084,-20.9071338324059,609.599999073408
-55.1340616493944,-20.9062001907045,609.599999073408
-55.1337598126161,-20.9052665483679,609.599999073408
-55.1334579795731,-20.9043329053962,609.599999073408
-55.1331561502653,-20.9033992617895,609.599999073408
-55.1328543246925,-20.9024656175478,609.599999073408
-55.1325525028544,-20.9015319726711,609.599999073408
-55.1322506847508,-20.9005983271595,609.599999073408
-55.1319488703815,-20.899664681013,609.599999073408
-55.1316470597462,-20.8987310342316,609.599999073408
-55.1313452528448,-20.8977973868155,609.599999073408
-55.1310434496769,-20.8968637387645,609.599999073408
-55.1307416502425,-20.8959300900787,609.599999073408
-55.1304398545411,-20.8949964407583,609.599999073408
-55.1301380625727,-20.8940627908032,609.599999073408
-55.1298362743369,-20.8931291402134,609.599999073408
-55.1295344898337,-20.892195488989,609.599999073408
-55.1292327090626,-20.8912618371301,609.599999073408
-55.1289309320236,-20.8903281846366,609.599999073408
-55.1286291587164,-20.8893945315086,609.599999073408
-55.1283273891407,-20.8884608777461,609.599999073408
-55.1280256232963,-20.8875272233493,609.599999073408
-55.127723861183,-20.886593568318,609.599999073408
-55.1274221028007,-20.8856599126524,609.599999073408
-55.1271203481489,-20.8847262563525,609.599999073408
-55.1268185972276,-20.8837925994182,609.599999073408
-55.1265168500365,-20.8828589418498,609.599999073408
-55.1262151065754,-20.8819252836471,609.599999073408
-55.125913366844,-20.8809916248102,609.599999073408
-55.1256116308421,-20.8800579653393,609.599999073408
-55.1253098985696,-20.8791243052342,609.599999073408
-55.1250081700261,-20.878190644495,609.599999073408
-55.1247064452114,-20.8772569831218,609.599999073408
-55.1244047241253,-20.8763233211147,609.599999073408
-55.1241030067677,-20.8753896584735,609.599999073408
-55.1238012931382,-20.8744559951985,609.599999073408
-55.1234995832366,-20.8735223312895,609.599999073408
-55.1231978770628,-20.8725886667468,609.599999073408
-55.1228961746164,-20.8716550015702,609.599999073408
-55.1225944758973,-20.8707213357598,609.599999073408
-55.1222927809052,-20.8697876693157,609.599999073408
-55.1219910896399,-20.8688540022379,609.599999073408
-55.1216894021012,-20.8679203345264,609.599999073408
-55.1213877182888,-20.8669866661812,609.599999073408
-55.1210860382026,-20.8660529972025,609.599999073408
-55.1207843618423,-20.8651193275903,609.599999073408
-55.1204826892076,-20.8641856573445,609.599999073408
-55.1201810202984,-20.8632519864652,609.599999073408
-55.1198793551144,-20.8623183149524,609.599999073408
-55.1195776936554,-20.8613846428063,609.599999073408
-55.1192760359212,-20.8604509700268,609.599999073408
-55.1189743819115,-20.8595172966139,609.599999073408
-55.1186727316261,-20.8585836225677,609.599999073408
-55.1183710850649,-20.8576499478883,609.599999073408
-55.1180694422274,-20.8567162725756,609.599999073408
-55.1177678031137,-20.8557825966297,609.599999073408
-55.1174661677233,-20.8548489200506,609.599999073408
-55.1171645360561,-20.8539152428385,609.599999073408
-55.1168629081119,-20.8529815649932,609.599999073408
-55.1165612838904,-20.8520478865149,609.599999073408
-55.1162596633915,-20.8511142074036,609.599999073408
-55.1159580466148,-20.8501805276592,609.599999073408
-55.1156564335601,-20.849246847282,609.599999073408
-55.1153548242273,-20.8483131662718,609.599999073408
-55.1150532186161,-20.8473794846288,609.599999073408
-55.1147516167263,-20.8464458023529,609.599999073408
-55.1144500185576,-20.8455121194442,609.599999073408
-55.1141484241098,-20.8445784359027,609.599999073408
-55.1138468333828,-20.8436447517286,609.599999073408
-55.1135452463762,-20.8427110669217,609.599999073408
-55.1132436630899,-20.8417773814822,609.599999073408
-55.1129420835236,-20.84084369541,609.599999073408
-55.112640507677,-20.8399100087053,609.599999073408
-55.1123389355501,-20.838976321368,609.599999073408
-55.1120373671425,-20.8380426333982,609.599999073408
-55.111735802454,-20.8371089447959,609.599999073408
-55.1114342414844,-20.8361752555612,609.599999073408
-55.1111326842335,-20.8352415656941,609.599999073408
-55.110831130701,-20.8343078751946,609.599999073408
-55.1105295808867,-20.8333741840628,609.599999073408
-55.1102280347905,-20.8324404922987,609.599999073408
-55.1099264924119,-20.8315067999023,609.599999073408
-55.109624953751,-20.8305731068737,609.599999073408
-55.1093234188073,-20.8296394132129,609.599999073408
-55.1090218875807,-20.82870571892,609.599999073408
-55.108720360071,-20.8277720239949,609.599999073408
-55.1084188362779,-20.8268383284378,609.599999073408
-55.1081173162012,-20.8259046322486,609.599999073408
-55.1078122561001,-20.8249700024162,609.599999073408
-55.1074462112878,-20.8240572827705,609.599999073408
-55.1069936472537,-20.8231795297405,609.599999073408
-55.10645829422,-20.8223439753008,609.599999073408
-55.1058445643095,-20.8215575036295,609.599999073408
-55.1051575151626,-20.8208265944071,609.599999073408
-55.1044028082449,-20.8201572694507,609.599999073408
-55.1035866621892,-20.8195550431221,609.599999073408
-55.1027158015584,-20.8190248769172,609.599999073408
-55.1017974014496,-20.8185711386097,609.599999073408
-55.1008465271364,-20.8181802531967,609.599999073408
-55.0998933170139,-20.8177943376447,609.599999073408
-55.0989401117451,-20.8174084167764,609.599999073408
-55.09798691133,-20.8170224905918,609.599999073408
-55.0970337157685,-20.8166365590911,609.599999073408
-55.0960805250606,-20.8162506222744,609.599999073408
-55.0951273392062,-20.8158646801419,609.599999073408
-55.0941741582052,-20.8154787326937,609.599999073408
-55.0932209820576,-20.8150927799299,609.599999073408
-55.0922678107633,-20.8147068218507,609.599999073408
-55.0913146443223,-20.8143208584561,609.599999073408
-55.0903614827345,-20.8139348897464,609.599999073408
-55.0894083259999,-20.8135489157216,609.599999073408
-55.0884551741184,-20.813162936382,609.599999073408
-55.0875020270899,-20.8127769517276,609.599999073408
-55.0865488849144,-20.8123909617585,609.599999073408
-55.0855957475919,-20.8120049664749,609.599999073408
-55.0846426151222,-20.811618965877,609.599999073408
-55.0836894875054,-20.8112329599648,609.599999073408
-55.0827363647413,-20.8108469487386,609.599999073408
-55.08178324683,-20.8104609321983,609.599999073408
-55.0808301337713,-20.8100749103442,609.599999073408
-55.0798770255651,-20.8096888831765,609.599999073408
-55.0789239222116,-20.8093028506951,609.599999073408
-55.0779708237105,-20.8089168129004,609.599999073408
-55.0770177300618,-20.8085307697923,609.599999073408
-55.0760646412655,-20.8081447213711,609.599999073408
-55.0751115573215,-20.8077586676368,609.599999073408
-55.0741584782298,-20.8073726085897,609.599999073408
-55.0732054039903,-20.8069865442297,609.599999073408
-55.0722523346029,-20.8066004745572,609.599999073408
-55.0712992700676,-20.8062143995721,609.599999073408
-55.0703462103844,-20.8058283192747,609.599999073408
-55.0693931555531,-20.8054422336651,609.599999073408
-55.0684401055738,-20.8050561427434,609.599999073408
-55.0674870604463,-20.8046700465097,609.599999073408
-55.0665340201706,-20.8042839449642,609.599999073408
-55.0655809847466,-20.803897838107,609.599999073408
-55.0646279541744,-20.8035117259383,609.599999073408
-55.0636749284537,-20.8031256084581,609.599999073408
-55.0627219075847,-20.8027394856666,609.599999073408
-55.0617688915672,-20.802353357564,609.599999073408
-55.0608158804011,-20.8019672241503,609.599999073408
-55.0598628740865,-20.8015810854258,609.599999073408
-55.0589098726232,-20.8011949413905,609.599999073408
-55.0579568760112,-20.8008087920446,609.599999073408
-55.0570038842504,-20.8004226373882,609.599999073408
-55.0560508973409,-20.8000364774215,609.599999073408
-55.0550979152824,-20.7996503121445,609.599999073408
-55.054144938075,-20.7992641415575,609.599999073408
-55.0531919657187,-20.7988779656605,609.599999073408
-55.0522389982133,-20.7984917844537,609.599999073408
-55.0512860355588,-20.7981055979372,609.599999073408
-55.0503330777551,-20.7977194061111,609.599999073408
-55.0493801248022,-20.7973332089756,609.599999073408
-55.0484271767001,-20.7969470065309,609.599999073408
-55.0474742334486,-20.796560798777,609.599999073408
-55.0465212950477,-20.7961745857141,609.599999073408
-55.0455683614974,-20.7957883673423,609.599999073408
-55.0446154327976,-20.7954021436618,609.599999073408
-55.0436625089483,-20.7950159146726,609.599999073408
-55.0427095899493,-20.794629680375,609.599999073408
-55.0417566758007,-20.794243440769,609.599999073408
-55.0408037665023,-20.7938571958549,609.599999073408
-55.0398508620542,-20.7934709456326,609.599999073408
-55.0388979624562,-20.7930846901024,609.599999073408
-55.0379450677084,-20.7926984292644,609.599999073408
-55.0369921778105,-20.7923121631187,609.599999073408
-55.0360392927627,-20.7919258916655,609.599999073408
-55.0350864125648,-20.7915396149049,609.599999073408
-55.0341335372168,-20.791153332837,609.599999073408
-55.0331806667186,-20.7907670454619,609.599999073408
-55.0322278010702,-20.7903807527799,609.599999073408
-55.0312749402715,-20.7899944547909,609.599999073408
-55.0303220843224,-20.7896081514953,609.599999073408
-55.029369233223,-20.789221842893,609.599999073408
-55.0284163869731,-20.7888355289843,609.599999073408
-55.0274635455726,-20.7884492097692,609.599999073408
-55.0265107090216,-20.7880628852479,609.599999073408
-55.0255578773199,-20.7876765554206,609.599999073408
-55.0246050504676,-20.7872902202873,609.599999073408
-55.0236522284645,-20.7869038798482,609.599999073408
-55.0226994113106,-20.7865175341035,609.599999073408
-55.0217465990059,-20.7861311830532,609.599999073408
-55.0207937915502,-20.7857448266975,609.599999073408
-55.0198409889436,-20.7853584650366,609.599999073408
-55.018888191186,-20.7849720980705,609.599999073408
-55.0179353982772,-20.7845857257994,609.599999073408
-55.0169826102173,-20.7841993482235,609.599999073408
-55.0160298270062,-20.7838129653428,609.599999073408
-55.0150770486439,-20.7834265771576,609.599999073408
-55.0141242751302,-20.7830401836679,609.599999073408
-55.0131715064652,-20.7826537848738,609.599999073408
-55.0122187426488,-20.7822673807756,609.599999073408
-55.0112659836808,-20.7818809713732,609.599999073408
-55.0103132295613,-20.781494556667,609.599999073408
-55.0093604802903,-20.781108136657,609.599999073408
-55.0084077358675,-20.7807217113433,609.599999073408
-55.0074549962931,-20.7803352807261,609.599999073408
-55.0065022615669,-20.7799488448055,609.599999073408
-55.0055495316889,-20.7795624035816,609.599999073408
-55.004596806659,-20.7791759570546,609.599999073408
-55.0036440864771,-20.7787895052246,609.599999073408
-55.0026913711433,-20.7784030480918,609.599999073408
-55.0017386606574,-20.7780165856562,609.599999073408
-55.0007859550194,-20.7776301179181,609.599999073408
-54.9998332542292,-20.7772436448775,609.599999073408
-54.9988805582868,-20.7768571665346,609.599999073408
-54.9979278671921,-20.7764706828895,609.599999073408
-54.9969751809451,-20.7760841939423,609.599999073408
-54.9960224995457,-20.7756976996932,609.599999073408
-54.9950698229938,-20.7753112001423,609.599999073408
-54.9941171512895,-20.7749246952898,609.599999073408
-54.9931644844326,-20.7745381851358,609.599999073408
-54.992211822423,-20.7741516696804,609.599999073408
-54.9912591652608,-20.7737651489237,609.599999073408
-54.9903065129458,-20.7733786228659,609.599999073408
-54.9893538654781,-20.7729920915071,609.599999073408
-54.9884012228575,-20.7726055548475,609.599999073408
-54.987448585084,-20.7722190128872,609.599999073408
-54.9864959521575,-20.7718324656263,609.599999073408
-54.985543324078,-20.7714459130649,609.599999073408
-54.9845907008454,-20.7710593552032,609.599999073408
-54.9836380824597,-20.7706727920414,609.599999073408
-54.9826854689208,-20.7702862235795,609.599999073408
-54.9817328602287,-20.7698996498177,609.599999073408
-54.9807802563833,-20.7695130707561,609.599999073408
-54.9798276573845,-20.7691264863949,609.599999073408
-54.9788750632322,-20.7687398967341,609.599999073408
-54.9779224739265,-20.768353301774,609.599999073408
-54.9769698894673,-20.7679667015146,609.599999073408
-54.9760173098545,-20.7675800959562,609.599999073408
-54.975064735088,-20.7671934850987,609.599999073408
-54.9741121651679,-20.7668068689424,609.599999073408
-54.9731596000939,-20.7664202474875,609.599999073408
-54.9722070398662,-20.7660336207339,609.599999073408
-54.9712544844846,-20.7656469886819,609.599999073408
-54.970301933949,-20.7652603513316,609.599999073408
-54.9693493882595,-20.7648737086831,609.599999073408
-54.9683968474159,-20.7644870607366,609.599999073408
-54.9674443114182,-20.7641004074921,609.599999073408
-54.9664917802663,-20.7637137489499,609.599999073408
-54.9655392539036,-20.7633270850872,609.599999073408
-54.9645867324428,-20.7629404159497,609.599999073408
-54.9636342158277,-20.7625537415148,609.599999073408
-54.9626817040581,-20.7621670617826,609.599999073408
-54.9617291971342,-20.7617803767534,609.599999073408
-54.9607766950557,-20.7613936864272,609.599999073408
-54.9598241978227,-20.7610069908042,609.599999073408
-54.958871705435,-20.7606202898845,609.599999073408
-54.9579192178927,-20.7602335836682,609.599999073408
-54.9569667351956,-20.7598468721554,609.599999073408
-54.9560142573438,-20.7594601553464,609.599999073408
-54.9550617843371,-20.7590734332412,609.599999073408
-54.9541093161755,-20.75868670584,609.599999073408
-54.953156852859,-20.7582999731429,609.599999073408
-54.9522043943874,-20.75791323515,609.599999073408
-54.9512519407608,-20.7575264918615,609.599999073408
-54.950299491979,-20.7571397432775,609.599999073408
-54.949347048042,-20.7567529893981,609.599999073408
-54.9483946089498,-20.7563662302235,609.599999073408
-54.9474421747023,-20.7559794657538,609.599999073408
-54.9464897452994,-20.7555926959892,609.599999073408
-54.9455373207412,-20.7552059209297,609.599999073408
-54.9445849010274,-20.7548191405755,609.599999073408
-54.9436324861581,-20.7544323549268,609.599999073408
-54.9426800761332,-20.7540455639836,609.599999073408
-54.9417276709527,-20.7536587677462,609.599999073408
-54.9407752706165,-20.7532719662146,609.599999073408
-54.9398228751245,-20.7528851593889,609.599999073408
-54.9388704844767,-20.7524983472694,609.599999073408
-54.937918098673,-20.7521115298562,609.599999073408
-54.9369657177134,-20.7517247071493,609.599999073408
-54.9360133415978,-20.7513378791489,609.599999073408
-54.9350609703261,-20.7509510458551,609.599999073408
-54.9341086038984,-20.7505642072682,609.599999073408
-54.9331562423145,-20.7501773633881,609.599999073408
-54.9322038855744,-20.7497905142151,609.599999073408
-54.931251533678,-20.7494036597493,609.599999073408
-54.9302991866252,-20.7490167999908,609.599999073408
-54.9293468444161,-20.7486299349398,609.599999073408
-54.9283945070505,-20.7482430645963,609.599999073408
-54.9274421745285,-20.7478561889605,609.599999073408
-54.9264898468498,-20.7474693080326,609.599999073408
-54.9255375240146,-20.7470824218127,609.599999073408
-54.9245852060226,-20.7466955303009,609.599999073408
-54.923632892874,-20.7463086334973,609.599999073408
-54.9226805845685,-20.7459217314022,609.599999073408
-54.9217282811062,-20.7455348240155,609.599999073408
-54.920775982487,-20.7451479113375,609.599999073408
-54.9198236887109,-20.7447609933683,609.599999073408
-54.9188713997777,-20.744374070108,609.599999073408
-54.9179191156874,-20.7439871415568,609.599999073408
-54.91696683644,-20.7436002077147,609.599999073408
-54.9160145620354,-20.743213268582,609.599999073408
-54.9150622924736,-20.7428263241587,609.599999073408
-54.9141100277545,-20.742439374445,609.599999073408
-54.913157767878,-20.7420524194411,609.599999073408
-54.9122055128441,-20.741665459147,609.599999073408
-54.9112532626527,-20.7412784935629,609.599999073408
-54.9103010173037,-20.7408915226889,609.599999073408
-54.9093487767972,-20.7405045465252,609.599999073408
-54.908396541133,-20.7401175650718,609.599999073408
-54.9074443103111,-20.739730578329,609.599999073408
-54.9064920843315,-20.7393435862969,609.599999073408
-54.905539863194,-20.7389565889755,609.599999073408
-54.9045876468987,-20.7385695863651,609.599999073408
-54.9036354354454,-20.7381825784657,609.599999073408
-54.9026832288341,-20.7377955652775,609.599999073408
-54.9017310270648,-20.7374085468007,609.599999073408
-54.9007788301374,-20.7370215230353,609.599999073408
-54.8998266380518,-20.7366344939815,609.599999073408
-54.898874450808,-20.7362474596395,609.599999073408
-54.8979222684059,-20.7358604200093,609.599999073408
-54.8969700908454,-20.7354733750911,609.599999073408
-54.8960179181266,-20.735086324885,609.599999073408
-54.8950657502493,-20.7346992693912,609.599999073408
-54.8941135872135,-20.7343122086098,609.599999073408
-54.8931614290191,-20.7339251425409,609.599999073408
-54.8922157682017,-20.7335223190677,609.599999073408
-54.8913110259526,-20.7330457894885,609.599999073408
-54.8904559507697,-20.7324940371837,609.599999073408
-54.8896575890692,-20.7318716093355,609.599999073408
-54.8889225196371,-20.7311836355297,609.599999073408
-54.8882563542466,-20.7304361155971,609.582673477749
-54.8876189948366,-20.7296662856284,609.424964208756
-54.8869816419056,-20.7288964532723,609.267254939763
-54.8863442954182,-20.7281266184865,609.10954567077
-54.8857069553742,-20.7273567812712,608.951836401776
-54.8850696217732,-20.7265869416265,608.794127132783
-54.884432294615,-20.7258170995526,608.63641786379
-54.8837949738992,-20.7250472550495,608.478708594796
-54.8831576596254,-20.7242774081174,608.320999325803
-54.8825203517935,-20.7235075587564,608.16329005681
-54.8818830504032,-20.7227377069667,608.005580787817
-54.881245755454,-20.7219678527483,607.847871518823
-54.8806084669457,-20.7211979961013,607.69016224983
-54.8799711848779,-20.720428137026,607.532452980837
-54.8793339092505,-20.7196582755224,607.374743711844
-54.878696640063,-20.7188884115906,607.21703444285
-54.8780593773152,-20.7181185452308,607.059325173857
-54.8774221210067,-20.717348676443,606.901615904864
-54.8767848711373,-20.7165788052274,606.743906635871
-54.8761476277067,-20.7158089315842,606.586197366877
-54.8755103907145,-20.7150390555134,606.428488097884
-54.8748731601604,-20.7142691770151,606.270778828891
-54.8742359360441,-20.7134992960895,606.113069559897
-54.8735987183654,-20.7127294127368,605.955360290904
-54.8729615071238,-20.7119595269569,605.797651021911
-54.8723243023192,-20.7111896387501,605.639941752918
-54.8716871039512,-20.7104197481165,605.482232483924
-54.8710499120194,-20.7096498550561,605.324523214931
-54.8704127265237,-20.7088799595692,605.166813945938
-54.8697755474636,-20.7081100616558,605.009104676945
-54.8691383748389,-20.707340161316,604.851395407951
-54.8685012086493,-20.70657025855,604.693686138958
-54.8678640488944,-20.7058003533579,604.535976869965
-54.867226895574,-20.7050304457398,604.378267600971
-54.8665897486877,-20.7042605356958,604.220558331978
-54.8659526082352,-20.7034906232261,604.062849062985
-54.8653154742163,-20.7027207083307,603.905139793992
-54.8646783466306,-20.7019507910099,603.747430524998
-54.8640412254779,-20.7011808712636,603.589721256005
-54.8634041107577,-20.7004109490921,603.432011987012
-54.8627670024699,-20.6996410244955,603.274302718018
-54.862129900614,-20.6988710974738,603.116593449025
-54.8614928051899,-20.6981011680273,602.958884180032
-54.8608557161971,-20.6973312361559,602.801174911039
-54.8602186336355,-20.6965613018599,602.643465642045
-54.8595815575045,-20.6957913651394,602.485756373052
-54.8589444878041,-20.6950214259944,602.328047104059
-54.8583074245338,-20.6942514844252,602.170337835066
-54.8576703676934,-20.6934815404318,602.012628566072
-54.8570333172825,-20.6927115940143,601.854919297079
-54.8563962733009,-20.6919416451729,601.697210028086
-54.8557592357482,-20.6911716939076,601.539500759093
-54.8551222046242,-20.6904017402187,601.381791490099
-54.8544851799284,-20.6896317841062,601.224082221106
-54.8538481616607,-20.6888618255703,601.066372952113
-54.8532111498207,-20.688091864611,600.908663683119
-54.8525741444081,-20.6873219012286,600.750954414126
-54.8519371454226,-20.686551935423,600.593245145133
-54.8513001528639,-20.6857819671945,600.43553587614
-54.8506631667316,-20.6850119965431,600.277826607146
-54.8500261870256,-20.684242023469,600.120117338153
-54.8493892137454,-20.6834720479723,599.96240806916
-54.8487522468908,-20.6827020700531,599.804698800167
-54.8481152864615,-20.6819320897116,599.646989531173
-54.8474783324571,-20.6811621069478,599.48928026218
-54.8468413848773,-20.6803921217619,599.331570993187
-54.8462044437219,-20.679622134154,599.173861724193
-54.8455675089905,-20.6788521441242,599.0161524552
-54.8449305806829,-20.6780821516727,598.858443186207
-54.8442936587986,-20.6773121567995,598.700733917214
-54.8436567433375,-20.6765421595048,598.54302464822
-54.8430198342992,-20.6757721597887,598.385315379227
-54.8423829316835,-20.6750021576514,598.227606110234
-54.8417460354899,-20.6742321530928,598.069896841241
-54.8411091457182,-20.6734621461133,597.912187572247
-54.840472262368,-20.6726921367128,597.754478303254
-54.8398353854392,-20.6719221248916,597.596769034261
-54.8391985149313,-20.6711521106497,597.439059765268
-54.8385616508441,-20.6703820939872,597.281350496274
-54.8379247931773,-20.6696120749043,597.123641227281
-54.8372879419305,-20.6688420534011,596.965931958288
-54.8366510971035,-20.6680720294777,596.808222689294
-54.8360142586959,-20.6673020031342,596.650513420301
-54.8353774267074,-20.6665319743708,596.492804151308
-54.8347406011378,-20.6657619431876,596.335094882315
-54.8341037819867,-20.6649919095847,596.177385613321
-54.8334669692538,-20.6642218735622,596.019676344328
-54.8328301629388,-20.6634518351202,595.861967075335
-54.8321933630414,-20.6626817942589,595.704257806342
-54.8315565695613,-20.6619117509783,595.546548537348
-54.8309197824983,-20.6611417052787,595.388839268355
-54.8302830018519,-20.6603716571601,595.231129999362
-54.8296462276218,-20.6596016066226,595.073420730368
-54.8290094598079,-20.6588315536664,594.915711461375
-54.8283726984097,-20.6580614982915,594.758002192382
-54.827735943427,-20.6572914404982,594.600292923389
-54.8270991948595,-20.6565213802865,594.442583654395
-54.8264624527068,-20.6557513176566,594.284874385402
-54.8258257169686,-20.6549812526085,594.127165116409
-54.8251889876447,-20.6542111851424,593.969455847415
-54.8245522647347,-20.6534411152584,593.811746578422
-54.8239155482383,-20.6526710429566,593.654037309429
-54.8232788381553,-20.6519009682372,593.496328040436
-54.8226421344852,-20.6511308911002,593.338618771442
-54.8220054372279,-20.6503608115459,593.180909502449
-54.821368746383,-20.6495907295742,593.023200233456
-54.8207320619502,-20.6488206451854,592.865490964463
-54.8200953839291,-20.6480505583795,592.707781695469
-54.8194587123196,-20.6472804691567,592.550072426476
-54.8188220471212,-20.6465103775171,592.392363157483
-54.8181853883337,-20.6457402834608,592.23465388849
-54.8175487359568,-20.644970186988,592.076944619496
-54.8169120899901,-20.6442000880987,591.919235350503
-54.8162754504334,-20.6434299867931,591.76152608151
-54.8156388172863,-20.6426598830713,591.603816812516
-54.8150021905486,-20.6418897769334,591.446107543523
-54.8143655702199,-20.6411196683795,591.28839827453
-54.8137289562999,-20.6403495574098,591.130689005537
-54.8130923487884,-20.6395794440244,590.972979736543
-54.812455747685,-20.6388093282233,590.81527046755
-54.8118191529893,-20.6380392100068,590.657561198557
-54.8111825647012,-20.637269089375,590.499851929564
-54.8105459828203,-20.6364989663279,590.34214266057
-54.8099094073463,-20.6357288408656,590.184433391577
-54.8092728382789,-20.6349587129884,590.026724122584
-54.8086362756178,-20.6341885826963,589.86901485359
-54.8079997193626,-20.6334184499895,589.711305584597
-54.8073631695131,-20.632648314868,589.553596315604
-54.806726626069,-20.631878177332,589.395887046611
-54.80609008903,-20.6311080373817,589.238177777617
-54.8054535583957,-20.630337895017,589.080468508624
-54.8048170341658,-20.6295677502382,588.922759239631
-54.8041805163401,-20.6287976030453,588.765049970638
-54.8035440049182,-20.6280274534386,588.607340701644
-54.8029074998999,-20.627257301418,588.449631432651
-54.8022710012848,-20.6264871469838,588.291922163658
-54.8016345090726,-20.6257169901361,588.134212894664
-54.800998023263,-20.6249468308749,587.976503625671
-54.8003615438557,-20.6241766692004,587.818794356678
-54.7997250708504,-20.6234065051127,587.661085087685
-54.7990886042468,-20.622636338612,587.503375818691
-54.7984521440446,-20.6218661696983,587.345666549698
-54.7978156902435,-20.6210959983717,587.187957280705
-54.7971792428432,-20.6203258246325,587.030248011712
-54.7965428018434,-20.6195556484807,586.872538742718
-54.7959063672437,-20.6187854699164,586.714829473725
-54.7952699390439,-20.6180152889398,586.557120204732
-54.7946335172436,-20.617245105551,586.399410935739
-54.7939971018426,-20.61647491975,586.241701666745
-54.7933606928405,-20.6157047315371,586.083992397752
-54.7927242902371,-20.6149345409123,585.926283128759
-54.792087894032,-20.6141643478758,585.768573859765
-54.7914515042249,-20.6133941524277,585.610864590772
-54.7908151208156,-20.612623954568,585.453155321779
-54.7901787438036,-20.611853754297,585.295446052786
-54.7895423731888,-20.6110835516147,585.137736783792
-54.7889060089708,-20.6103133465213,584.980027514799
-54.7882696511493,-20.6095431390169,584.822318245806
-54.787633299724,-20.6087729291015,584.664608976812
-54.7869969546945,-20.6080027167754,584.506899707819
-54.7863606160607,-20.6072325020386,584.349190438826
-54.7857242838221,-20.6064622848913,584.191481169833
-54.7850879579785,-20.6056920653336,584.033771900839
-54.7844516385296,-20.6049218433656,583.876062631846
-54.783815325475,-20.6041516189874,583.718353362853
-54.7831790187767,-20.6033813921536,583.56064409386
-54.7825427185097,-20.6026111629552,583.402934824866
-54.7819064246361,-20.6018409313469,583.245225555873
-54.7812701371557,-20.6010706973289,583.08751628688
-54.7806338560681,-20.6003004609014,582.929807017886
-54.7799975813731,-20.5995302220644,582.772097748893
-54.7793613130702,-20.5987599808181,582.6143884799
-54.7787250511593,-20.5979897371626,582.456679210907
-54.77808879564,-20.597219491098,582.298969941913
-54.777452546512,-20.5964492426244,582.14126067292
-54.776816303775,-20.595678991742,581.983551403927
-54.7761800674286,-20.5949087384508,581.825842134934
-54.7755438374727,-20.5941384827511,581.66813286594
-54.7749076139069,-20.5933682246428,581.510423596947
-54.7742713967308,-20.5925979641262,581.352714327954
-54.7736351859442,-20.5918277012014,581.195005058961
-54.7729989815468,-20.5910574358684,581.037295789967
-54.7723627835382,-20.5902871681274,580.879586520974
-54.7717265919182,-20.5895168979785,580.721877251981
-54.7710904066865,-20.5887466254219,580.564167982987
-54.7704542278426,-20.5879763504576,580.406458713994
-54.7698180553865,-20.5872060730858,580.248749445001
-54.7691818893176,-20.5864357933066,580.091040176008
-54.7685457296358,-20.5856655111201,579.933330907014
-54.7679095763407,-20.5848952265264,579.775621638021
-54.7672734294321,-20.5841249395257,579.617912369028
-54.7666372889095,-20.5833546501181,579.460203100035
-54.7660011547728,-20.5825843583037,579.302493831041
-54.7653650270215,-20.5818140640825,579.144784562048
-54.7647289056555,-20.5810437674549,578.987075293055
-54.7640927906743,-20.5802734684208,578.829366024061
-54.7634566820777,-20.5795031669804,578.671656755068
-54.7628205798654,-20.5787328631337,578.513947486075
-54.7621844840371,-20.577962556881,578.356238217082
-54.7615483945924,-20.5771922482224,578.198528948088
-54.7609123115312,-20.5764219371578,578.040819679095
-54.7602762348529,-20.5756516236876,577.883110410102
-54.7596401645575,-20.5748813078118,577.725401141109
-54.7590041006444,-20.5741109895305,577.567691872115
-54.7583680431135,-20.5733406688439,577.409982603122
-54.7577319919645,-20.572570345752,577.252273334129
-54.757095947197,-20.571800020255,577.094564065136
-54.7564599088107,-20.571029692353,576.936854796142
-54.7558238768053,-20.5702593620461,576.779145527149
-54.7551878511806,-20.5694890293345,576.621436258156
-54.7545518319362,-20.5687186942182,576.463726989162
-54.7539158190717,-20.5679483566974,576.306017720169
-54.753279812587,-20.5671780167722,576.148308451176
-54.7526438124817,-20.5664076744428,575.990599182183
-54.7520078187554,-20.5656373297092,575.832889913189
-54.751371831408,-20.5648669825716,575.675180644196
-54.750735850439,-20.56409663303,575.517471375203
-54.7500998758482,-20.5633262810847,575.359762106209
-54.7494639076353,-20.5625559267356,575.202052837216
-54.7488279457999,-20.5617855699831,575.044343568223
-54.7481919903418,-20.5610152108271,574.88663429923
-54.7475560412606,-20.5602448492678,574.728925030236
-54.7469200985561,-20.5594744853053,574.571215761243
-54.746284162228,-20.5587041189397,574.41350649225
-54.7456482322759,-20.5579337501712,574.255797223257
-54.7450123086995,-20.5571633789998,574.098087954263
-54.7443763914985,-20.5563930054258,573.94037868527
-54.7437404806727,-20.5556226294491,573.782669416277
-54.7431045762216,-20.55485225107,573.624960147283
-54.7424686781451,-20.5540818702885,573.46725087829
-54.7418327864428,-20.5533114871048,573.309541609297
-54.7411969011145,-20.552541101519,573.151832340304
-54.7405610221597,-20.5517707135312,572.99412307131
-54.7399251495782,-20.5510003231415,572.836413802317
-54.7392892833696,-20.5502299303501,572.678704533324
-54.7386534235338,-20.5494595351571,572.520995264331
-54.7380175700703,-20.5486891375625,572.363285995337
-54.737381722979,-20.5479187375666,572.205576726344
-54.7367458822593,-20.5471483351694,572.047867457351
-54.7361100479112,-20.546377930371,571.890158188358
-54.7354742199342,-20.5456075231717,571.732448919364
-54.7348383983281,-20.5448371135714,571.574739650371
-54.7342025830925,-20.5440667015703,571.417030381378
-54.7335667742271,-20.5432962871686,571.259321112384
-54.7329309717317,-20.5425258703663,571.101611843391
-54.7322951756059,-20.5417554511636,570.943902574398
-54.7316593858494,-20.5409850295606,570.786193305405
-54.731023602462,-20.5402146055574,570.628484036411
-54.7303878254433,-20.5394441791541,570.470774767418
-54.729752054793,-20.5386737503509,570.313065498425
-54.7291162905108,-20.5379033191478,570.155356229432
-54.7284805325964,-20.5371328855451,569.997646960438
-54.7278447810495,-20.5363624495428,569.839937691445
-54.7272090358698,-20.535592011141,569.682228422452
-54.726573297057,-20.5348215703399,569.524519153458
-54.7259375646107,-20.5340511271395,569.366809884465
-54.7253018385308,-20.5332806815401,569.209100615472
-54.7246661188168,-20.5325102335416,569.051391346479
-54.7240304054684,-20.5317397831443,568.893682077485
-54.7233946984855,-20.5309693303483,568.735972808492
-54.7227589978676,-20.5301988751536,568.578263539499
-54.7221233036144,-20.5294284175604,568.420554270505
-54.7214876157257,-20.5286579575689,568.262845001512
-54.7208519342012,-20.527887495179,568.105135732519
-54.7202162590405,-20.5271170303911,567.947426463526
-54.7195805902433,-20.5263465632051,567.789717194532
-54.7189449278093,-20.5255760936212,567.632007925539
-54.7183092717383,-20.5248056216395,567.474298656546
-54.7176736220299,-20.5240351472602,567.316589387553
-54.7170379786838,-20.5232646704833,567.158880118559
-54.7164023416997,-20.5224941913091,567.001170849566
-54.7157667110773,-20.5217237097375,566.843461580573
-54.7151310868164,-20.5209532257687,566.68575231158
-54.7144954689165,-20.5201827394028,566.528043042586
-54.7138598573774,-20.5194122506401,566.370333773593
-54.7132242521988,-20.5186417594805,566.2126245046
-54.7125886533803,-20.5178712659242,566.054915235606
-54.7119530609218,-20.5171007699713,565.897205966613
-54.7113174748228,-20.5163302716219,565.73949669762
-54.7106818950831,-20.5155597708763,565.581787428627
-54.7100463217023,-20.5147892677344,565.424078159633
-54.7094107546802,-20.5140187621964,565.26636889064
-54.7087751940165,-20.5132482542624,565.108659621647
-54.7081396397108,-20.5124777439325,564.950950352654
-54.7075040917628,-20.5117072312069,564.79324108366
-54.7068685501723,-20.5109367160857,564.635531814667
-54.7062330149389,-20.510166198569,564.477822545674
-54.7055974860624,-20.5093956786569,564.32011327668
-54.7049619635423,-20.5086251563496,564.162404007687
-54.7043264473785,-20.5078546316471,564.004694738694
-54.7036909375706,-20.5070841045496,563.846985469701
-54.7030554341183,-20.5063135750572,563.689276200707
-54.7024199370214,-20.50554304317,563.531566931714
-54.7017844462794,-20.5047725088882,563.373857662721
-54.7011489618921,-20.5040019722118,563.216148393728
-54.7005134838592,-20.503231433141,563.058439124734
-54.6998780121804,-20.5024608916759,562.900729855741
-54.6992425468554,-20.5016903478166,562.743020586748
-54.6986070878838,-20.5009198015632,562.585311317755
-54.6979716352654,-20.5001492529159,562.427602048761
-54.6973361889999,-20.4993787018748,562.269892779768
-54.696700749087,-20.49860814844,562.112183510775
-54.6960653155263,-20.4978375926116,561.954474241781
-54.6954298883175,-20.4970670343898,561.796764972788
-54.6947944674605,-20.4962964737746,561.639055703795
-54.6941590529547,-20.4955259107662,561.481346434802
-54.6935236448,-20.4947553453647,561.323637165808
-54.6928882429961,-20.4939847775702,561.165927896815
-54.6922528475425,-20.4932142073829,561.008218627822
-54.6916174584391,-20.4924436348028,560.850509358829
-54.6909820756856,-20.4916730598301,560.692800089835
-54.6903466992815,-20.4909024824649,560.535090820842
-54.6897113292266,-20.4901319027073,560.377381551849
-54.6890759655207,-20.4893613205575,560.219672282855
-54.6884406081634,-20.4885907360155,560.061963013862
-54.6878052571543,-20.4878201490815,559.904253744869
-54.6871699124933,-20.4870495597556,559.746544475876
-54.6865345741799,-20.4862789680379,559.588835206882
-54.685899242214,-20.4855083739285,559.431125937889
-54.6852639165951,-20.4847377774277,559.273416668896
-54.684628597323,-20.4839671785354,559.115707399902
-54.6839932843973,-20.4831965772517,558.957998130909
-54.6833579778179,-20.482425973577,558.800288861916
-54.6827226775843,-20.4816553675111,558.642579592923
-54.6820873836962,-20.4808847590543,558.484870323929
-54.6814520961535,-20.4801141482067,558.327161054936
-54.6808168149556,-20.4793435349684,558.169451785943
-54.6801815401024,-20.4785729193395,558.01174251695
-54.6795462715936,-20.4778023013202,557.854033247956
-54.6789110094288,-20.4770316809105,557.696323978963
-54.6782757536077,-20.4762610581106,557.53861470997
-54.6776405041301,-20.4754904329206,557.380905440977
-54.6770052609955,-20.4747198053406,557.223196171983
-54.6763700242038,-20.4739491753707,557.06548690299
-54.6757347937546,-20.4731785430111,556.907777633997
-54.6750995696477,-20.4724079082619,556.750068365003
-54.6744643518826,-20.4716372711232,556.59235909601
-54.6738291404591,-20.4708666315951,556.434649827017
            </coordinates>
        </LineString>
    </Placemark>
    <Placemark>
        <name>SBCG</name>
        <visibility>1</visibility>
        <styleUrl>#EstiloWpt</styleUrl>
        <LookAt>
            <longitude>-54.6734020019446</longitude>
            <latitude>-20.4703498734532</latitude>
            <altitude>556.328785091538</altitude>
            <altitudeMode>absolute</altitudeMode>
            <heading>0</heading>
            <tilt>70</tilt>
            <range>1668.98635527461</range>
        </LookAt>
        <Point>
            <extrude>1</extrude>
            <altitudeMode>absolute</altitudeMode>
            <coordinates>-54.6734020019446,-20.4703498734532,556.328785091538</coordinates>
        </Point>
    </Placemark>
    <Placemark>
        <name>GATE C</name>
        <visibility>1</visibility>
        <styleUrl>#EstiloWpt</styleUrl>
        <LookAt>
            <longitude>-54.8928202684567</longitude>
            <latitude>-20.7337871266448</latitude>
            <altitude>914.399998610112</altitude>
            <altitudeMode>absolute</altitudeMode>
            <heading>0</heading>
            <tilt>70</tilt>
            <range>2743.19999583034</range>
        </LookAt>
        <Point>
            <extrude>1</extrude>
            <altitudeMode>absolute</altitudeMode>
            <coordinates>-54.8928202684567,-20.7337871266448,914.399998610112</coordinates>
        </Point>
    </Placemark>
    <Placemark>
        <name>CORREDOR</name>
        <visibility>1</visibility>
        <styleUrl>#EstiloWpt</styleUrl>
        <LookAt>
            <longitude>-55.1078796272271</longitude>
            <latitude>-20.8251709382627</latitude>
            <altitude>914.399998610112</altitude>
            <altitudeMode>absolute</altitudeMode>
            <heading>0</heading>
            <tilt>70</tilt>
            <range>2743.19999583034</range>
        </LookAt>
        <Point>
            <extrude>1</extrude>
            <altitudeMode>absolute</altitudeMode>
            <coordinates>-55.1078796272271,-20.8251709382627,914.399998610112</coordinates>
        </Point>
    </Placemark>
    <Placemark>
        <name>FAZ VOLTA GRANDE</name>
        <visibility>1</visibility>
        <styleUrl>#EstiloWpt</styleUrl>
        <LookAt>
            <longitude>-55.2361111111111</longitude>
            <latitude>-21.2211666666667</latitude>
            <altitude>609.599999073408</altitude>
            <altitudeMode>absolute</altitudeMode>
            <heading>0</heading>
            <tilt>70</tilt>
            <range>1828.79999722022</range>
        </LookAt>
        <Point>
            <extrude>1</extrude>
            <altitudeMode>absolute</altitudeMode>
            <coordinates>-55.2361111111111,-21.2211666666667,609.599999073408</coordinates>
        </Point>
    </Placemark>
    <Placemark>
        <name>ROTATORIA</name>
        <visibility>1</visibility>
        <styleUrl>#EstiloWpt</styleUrl>
        <LookAt>
            <longitude>-55.4366666666667</longitude>
            <latitude>-21.6183333333333</latitude>
            <altitude>914.399998610112</altitude>
            <altitudeMode>absolute</altitudeMode>
            <heading>0</heading>
            <tilt>70</tilt>
            <range>2743.19999583034</range>
        </LookAt>
        <Point>
            <extrude>1</extrude>
            <altitudeMode>absolute</altitudeMode>
            <coordinates>-55.4366666666667,-21.6183333333333,914.399998610112</coordinates>
        </Point>
    </Placemark>
    <Placemark>
        <name>#</name>
        <visibility>1</visibility>
        <styleUrl>#EstiloPSPNPD</styleUrl>
        <LookAt>
            <longitude>-55.8536101967947</longitude>
            <latitude>-21.6557549760631</latitude>
            <altitude>914.399998610112</altitude>
            <altitudeMode>absolute</altitudeMode>
            <heading>0</heading>
            <tilt>70</tilt>
            <range>2743.19999583034</range>
        </LookAt>
        <Point>
            <extrude>1</extrude>
            <altitudeMode>absolute</altitudeMode>
            <coordinates>-55.8536101967947,-21.6557549760631,914.399998610112</coordinates>
        </Point>
    </Placemark>
    <Placemark>
        <name>PI</name>
        <visibility>1</visibility>
        <styleUrl>#EstiloWpt</styleUrl>
        <LookAt>
            <longitude>-56.0144444444444</longitude>
            <latitude>-21.6678333333333</latitude>
            <altitude>1830.59999768333</altitude>
            <altitudeMode>absolute</altitudeMode>
            <heading>0</heading>
            <tilt>70</tilt>
            <range>5491.79999305</range>
        </LookAt>
        <Point>
            <extrude>1</extrude>
            <altitudeMode>absolute</altitudeMode>
            <coordinates>-56.0144444444444,-21.6678333333333,1830.59999768333</coordinates>
        </Point>
    </Placemark>
    <Placemark>
        <name>ALVO</name>
        <visibility>1</visibility>
        <styleUrl>#EstiloWpt</styleUrl>
        <LookAt>
            <longitude>-56.1546666666667</longitude>
            <latitude>-21.4619666666667</latitude>
            <altitude>1138.8319986568</altitude>
            <altitudeMode>absolute</altitudeMode>
            <heading>0</heading>
            <tilt>70</tilt>
            <range>3416.49599597041</range>
        </LookAt>
        <Point>
            <extrude>1</extrude>
            <altitudeMode>absolute</altitudeMode>
            <coordinates>-56.1546666666667,-21.4619666666667,1138.8319986568</coordinates>
        </Point>
    </Placemark>
    <Placemark>
        <name>RDV</name>
        <visibility>1</visibility>
        <styleUrl>#EstiloWpt</styleUrl>
        <LookAt>
            <longitude>-55.8394444444444</longitude>
            <latitude>-21.4905</latitude>
            <altitude>706.933332870029</altitude>
            <altitudeMode>absolute</altitudeMode>
            <heading>0</heading>
            <tilt>70</tilt>
            <range>2120.79999861009</range>
        </LookAt>
        <Point>
            <extrude>1</extrude>
            <altitudeMode>absolute</altitudeMode>
            <coordinates>-55.8394444444444,-21.4905,706.933332870029</coordinates>
        </Point>
    </Placemark>
    <Placemark>
        <name>Separação 1 - Trajetória 02</name>
        <visibility>1</visibility>
        <styleUrl>#EstiloRota</styleUrl>
        <LineString>
            <extrude>1</extrude>
            <altitudeMode>absolute</altitudeMode>
            <coordinates>
-56.0144444444444,-21.6678333333334,1830.59999768333
-56.0154862114465,-21.6678937205543,1829.68031759103
-56.0165282144316,-21.6679508283383,1828.76063749872
-56.0175702181992,-21.6680079295795,1827.84095740642
-56.0186122227872,-21.6680650242799,1826.92127731411
-56.0196542281954,-21.6681221124395,1826.00159722181
-56.0206962344238,-21.6681791940581,1825.0819171295
-56.0217382414723,-21.668236269136,1824.1622370372
-56.0227802493407,-21.6682933376729,1823.24255694489
-56.023822258029,-21.6683503996688,1822.32287685259
-56.0248642675372,-21.6684074551239,1821.40319676028
-56.025906277865,-21.6684645040379,1820.48351666798
-56.0269482890125,-21.6685215464109,1819.56383657567
-56.0279903009795,-21.6685785822429,1818.64415648337
-56.0290323137659,-21.6686356115339,1817.72447639106
-56.0300743273717,-21.6686926342838,1816.80479629876
-56.0311163417967,-21.6687496504926,1815.88511620645
-56.0321583570409,-21.6688066601603,1814.96543611415
-56.0332003731042,-21.6688636632868,1814.04575602184
-56.0342423899864,-21.6689206598721,1813.12607592954
-56.0352844076875,-21.6689776499163,1812.20639583723
-56.0363264262075,-21.6690346334192,1811.28671574493
-56.0373684455461,-21.6690916103809,1810.36703565262
-56.0384104657034,-21.6691485808014,1809.44735556032
-56.0394524866792,-21.6692055446805,1808.52767546801
-56.0404945084734,-21.6692625020183,1807.60799537571
-56.041536531086,-21.6693194528148,1806.6883152834
-56.0425785545168,-21.66937639707,1805.7686351911
-56.0436205787658,-21.6694333347837,1804.84895509879
-56.0446626038329,-21.6694902659561,1803.92927500649
-56.045704629718,-21.669547190587,1803.00959491418
-56.0467466564209,-21.6696041086764,1802.08991482188
-56.0477886839416,-21.6696610202244,1801.17023472957
-56.0488307122801,-21.6697179252309,1800.25055463727
-56.0498727414361,-21.6697748236958,1799.33087454496
-56.0509147714097,-21.6698317156192,1798.41119445266
-56.0519568022008,-21.669888601001,1797.49151436036
-56.0529988338091,-21.6699454798412,1796.57183426805
-56.0540408662348,-21.6700023521398,1795.65215417575
-56.0550828994776,-21.6700592178967,1794.73247408344
-56.0561249335374,-21.670116077112,1793.81279399114
-56.0571669684143,-21.6701729297855,1792.89311389883
-56.058209004108,-21.6702297759174,1791.97343380653
-56.0592528704209,-21.6702531925653,1791.68308750354
-56.0602940429031,-21.6701887561904,1791.48497835134
-56.0613246728037,-21.6700363269457,1791.28686919915
-56.0623362659844,-21.669797161109,1791.08876004696
-56.0633204853046,-21.6694732298079,1790.89065089477
-56.0642692193734,-21.6690672027642,1790.69254174257
-56.0651746494365,-21.6685824262778,1790.49443259038
-56.0660293138423,-21.6680228956317,1790.29632343819
-56.0668261695582,-21.6673932221456,1790.098214286
-56.067558650225,-21.6666985951528,1789.9001051338
-56.0682207202745,-21.6659447392112,1789.70199598161
-56.0688069246611,-21.6651378669052,1789.50388682942
-56.0693124337984,-21.6642846276259,1789.30577767723
-56.0697330833321,-21.6633920527535,1789.10766852503
-56.0700654084205,-21.6624674976955,1788.90955937284
-56.0703446215278,-21.6615273903462,1788.71145022065
-56.0706234718572,-21.6605871707837,1788.51334106845
-56.0709023185729,-21.6596469506465,1788.31523191626
-56.0711811616753,-21.6587067299347,1788.11712276407
-56.0714600011645,-21.6577665086483,1787.91901361188
-56.0717388370408,-21.6568262867874,1787.72090445968
-56.0720176693043,-21.6558860643519,1787.52279530749
-56.0722964979553,-21.6549458413419,1787.3246861553
-56.072575322994,-21.6540056177575,1787.12657700311
-56.0728541444206,-21.6530653935987,1786.92846785091
-56.0731329622354,-21.6521251688655,1786.73035869872
-56.0734117764385,-21.6511849435579,1786.53224954653
-56.0736905870302,-21.6502447176759,1786.33414039434
-56.0739693940106,-21.6493044912197,1786.13603124214
-56.0742481973801,-21.6483642641892,1785.93792208995
-56.0745269971388,-21.6474240365845,1785.73981293776
-56.0748057932869,-21.6464838084056,1785.54170378557
-56.0750845858247,-21.6455435796525,1785.34359463337
-56.0753633747524,-21.6446033503252,1785.14548548118
-56.0756421600702,-21.6436631204239,1784.94737632899
-56.0759209417783,-21.6427228899485,1784.7492671768
-56.0761997198769,-21.641782658899,1784.5511580246
-56.0764784943663,-21.6408424272755,1784.35304887241
-56.0767572652466,-21.6399021950781,1784.15493972022
-56.0770360325181,-21.6389619623067,1783.95683056803
-56.077314796181,-21.6380217289614,1783.75872141583
-56.0775935562356,-21.6370814950422,1783.56061226364
-56.0778723126819,-21.6361412605491,1783.36250311145
-56.0781510655203,-21.6352010254823,1783.16439395926
-56.078429814751,-21.6342607898416,1782.96628480706
-56.0787085603742,-21.6333205536272,1782.76817565487
-56.0789873023901,-21.6323803168391,1782.57006650268
-56.0792660407989,-21.6314400794773,1782.37195735049
-56.0795447756008,-21.6304998415418,1782.17384819829
-56.0798235067961,-21.6295596030327,1781.9757390461
-56.080102234385,-21.62861936395,1781.77762989391
-56.0803809583677,-21.6276791242937,1781.57952074172
-56.0806596787444,-21.626738884064,1781.38141158952
-56.0809383955153,-21.6257986432607,1781.18330243733
-56.0812171086806,-21.6248584018839,1780.98519328514
-56.0814958182407,-21.6239181599337,1780.78708413295
-56.0817745242121,-21.6229779173545,1780.58897498075
-56.0820532265625,-21.6220376742562,1780.39086582856
-56.0823319253082,-21.6210974305845,1780.19275667637
-56.0826106204494,-21.6201571863396,1779.99464752417
-56.0828893119864,-21.6192169415214,1779.79653837198
-56.0831679999193,-21.6182766961299,1779.59842921979
-56.0834466842485,-21.6173364501652,1779.4003200676
-56.083725364974,-21.6163962036273,1779.2022109154
-56.0840040420962,-21.6154559565163,1779.00410176321
-56.0842827156152,-21.6145157088322,1778.80599261102
-56.0845613855312,-21.613575460575,1778.60788345883
-56.0848400518445,-21.6126352117447,1778.40977430663
-56.0851187145553,-21.6116949623414,1778.21166515444
-56.0853973736638,-21.6107547123652,1778.01355600225
-56.0856760291703,-21.6098144618159,1777.81544685006
-56.0859546810748,-21.6088742106938,1777.61733769786
-56.0862333293778,-21.6079339589987,1777.41922854567
-56.0865119740793,-21.6069937067308,1777.22111939348
-56.0867906151796,-21.6060534538901,1777.02301024129
-56.0870692526789,-21.6051132004765,1776.82490108909
-56.0873478865774,-21.6041729464902,1776.6267919369
-56.0876265168754,-21.6032326919312,1776.42868278471
-56.087905143573,-21.6022924367995,1776.23057363252
-56.0881837666705,-21.6013521810951,1776.03246448032
-56.0884623861681,-21.600411924818,1775.83435532813
-56.088741002066,-21.5994716679684,1775.63624617594
-56.0890196143645,-21.5985314105461,1775.43813702375
-56.0892982230637,-21.5975911525514,1775.24002787155
-56.0895768281638,-21.5966508939841,1775.04191871936
-56.0898554296652,-21.5957106348444,1774.84380956717
-56.0901340275679,-21.5947703751322,1774.64570041498
-56.0904126218723,-21.5938301148475,1774.44759126278
-56.0906912125784,-21.5928898539905,1774.24948211059
-56.0909697996867,-21.5919495925612,1774.0513729584
-56.0912483831972,-21.5910093305595,1773.85326380621
-56.0915269631101,-21.5900690679856,1773.65515465401
-56.0918055394258,-21.5891288048394,1773.45704550182
-56.0920841121444,-21.5881885411209,1773.25893634963
-56.0923626812662,-21.5872482768303,1773.06082719744
-56.0926412467912,-21.5863080119676,1772.86271804524
-56.0929198087199,-21.5853677465326,1772.66460889305
-56.0931983670523,-21.5844274805256,1772.46649974086
-56.0934769217888,-21.5834872139466,1772.26839058867
-56.0937554729294,-21.5825469467955,1772.07028143647
-56.0940340204745,-21.5816066790724,1771.87217228428
-56.0943125644243,-21.5806664107773,1771.67406313209
-56.0945911047789,-21.5797261419103,1771.4759539799
-56.0948696415386,-21.5787858724714,1771.2778448277
-56.0951481747036,-21.5778456024606,1771.07973567551
-56.0954267042742,-21.576905331878,1770.88162652332
-56.0957052302504,-21.5759650607236,1770.68351737112
-56.0959837526327,-21.5750247889974,1770.48540821893
-56.0962622714211,-21.5740845166995,1770.28729906674
-56.0965407866159,-21.5731442438298,1770.08918991455
-56.0968192982173,-21.5722039703885,1769.89108076235
-56.0970978062255,-21.5712636963755,1769.69297161016
-56.0973763106407,-21.5703234217909,1769.49486245797
-56.0976548114633,-21.5693831466347,1769.29675330578
-56.0979333086932,-21.5684428709069,1769.09864415358
-56.0982118023309,-21.5675025946077,1768.90053500139
-56.0984902923765,-21.5665623177369,1768.7024258492
-56.0987687788302,-21.5656220402947,1768.50431669701
-56.0990472616923,-21.5646817622811,1768.30620754481
-56.0993257409629,-21.563741483696,1768.10809839262
-56.0996042166423,-21.5628012045396,1767.90998924043
-56.0998826887307,-21.5618609248119,1767.71188008824
-56.1001611572283,-21.5609206445129,1767.51377093604
-56.1004396221353,-21.5599803636426,1767.31566178385
-56.1007180834519,-21.5590400822011,1767.11755263166
-56.1009965411784,-21.5580998001883,1766.91944347947
-56.101274995315,-21.5571595176045,1766.72133432727
-56.1015534458619,-21.5562192344494,1766.52322517508
-56.1018318928193,-21.5552789507233,1766.32511602289
-56.1021103361874,-21.5543386664261,1766.1270068707
-56.1023887759665,-21.5533983815578,1765.9288977185
-56.1026672121567,-21.5524580961185,1765.73078856631
-56.1029456447583,-21.5515178101083,1765.53267941412
-56.1032240737715,-21.5505775235271,1765.33457026193
-56.1035024991965,-21.549637236375,1765.13646110973
-56.1037809210335,-21.5486969486519,1764.93835195754
-56.1040593392828,-21.5477566603581,1764.74024280535
-56.1043377539445,-21.5468163714934,1764.54213365316
-56.1046161650189,-21.545876082058,1764.34402450096
-56.1048945725062,-21.5449357920517,1764.14591534877
-56.1051729764066,-21.5439955014748,1763.94780619658
-56.1054513767203,-21.5430552103272,1763.74969704439
-56.1057297734476,-21.5421149186089,1763.55158789219
-56.1060081665886,-21.5411746263199,1763.35347874
-56.1062865561437,-21.5402343334604,1763.15536958781
-56.1065649421129,-21.5392940400303,1762.95726043562
-56.1068433244965,-21.5383537460297,1762.75915128342
-56.1071217032947,-21.5374134514586,1762.56104213123
-56.1074000785078,-21.536473156317,1762.36293297904
-56.1076784501359,-21.5355328606049,1762.16482382685
-56.1079568181793,-21.5345925643225,1761.96671467465
-56.1082351826382,-21.5336522674697,1761.76860552246
-56.1085135435128,-21.5327119700465,1761.57049637027
-56.1087919008034,-21.531771672053,1761.37238721807
-56.1090702545101,-21.5308313734893,1761.17427806588
-56.1093486046331,-21.5298910743553,1760.97616891369
-56.1096269511727,-21.5289507746511,1760.7780597615
-56.1099052941291,-21.5280104743767,1760.5799506093
-56.1101836335025,-21.5270701735321,1760.38184145711
-56.1104619692932,-21.5261298721174,1760.18373230492
-56.1107403015013,-21.5251895701327,1759.98562315273
-56.111018630127,-21.5242492675779,1759.78751400053
-56.1112969551706,-21.523308964453,1759.58940484834
-56.1115752766323,-21.5223686607582,1759.39129569615
-56.1118535945123,-21.5214283564934,1759.19318654396
-56.1121319088108,-21.5204880516587,1758.99507739176
-56.1124102195281,-21.5195477462541,1758.79696823957
-56.1126885266643,-21.5186074402796,1758.59885908738
-56.1129668302197,-21.5176671337353,1758.40074993519
-56.1132451301945,-21.5167268266212,1758.20264078299
-56.1135234265889,-21.5157865189373,1758.0045316308
-56.1138017194031,-21.5148462106836,1757.80642247861
-56.1140800086373,-21.5139059018603,1757.60831332642
-56.1143582942918,-21.5129655924673,1757.41020417422
-56.1146365763668,-21.5120252825046,1757.21209502203
-56.1149148548624,-21.5110849719724,1757.01398586984
-56.115193129779,-21.5101446608705,1756.81587671765
-56.1154714011167,-21.5092043491991,1756.61776756545
-56.1157496688757,-21.5082640369582,1756.41965841326
-56.1160279330562,-21.5073237241478,1756.22154926107
-56.1163061936586,-21.506383410768,1756.02344010888
-56.1165844506829,-21.5054430968187,1755.82533095668
-56.1168627041294,-21.5045027823001,1755.62722180449
-56.1171409539983,-21.5035624672121,1755.4291126523
-56.1174192002899,-21.5026221515547,1755.23100350011
-56.1176974430043,-21.5016818353281,1755.03289434791
-56.1179756821418,-21.5007415185322,1754.83478519572
-56.1182539177025,-21.4998012011671,1754.63667604353
-56.1185321496868,-21.4988608832328,1754.43856689134
-56.1188103780948,-21.4979205647293,1754.24045773914
-56.1190886029267,-21.4969802456567,1754.04234858695
-56.1193668241827,-21.496039926015,1753.84423943476
-56.1196450418631,-21.4950996058042,1753.64613028257
-56.1199232559681,-21.4941592850244,1753.44802113037
-56.1202014664979,-21.4932189636756,1753.24991197818
-56.1204796734527,-21.4922786417578,1753.05180282599
-56.1207578768327,-21.491338319271,1752.8536936738
-56.1210360766382,-21.4903979962154,1752.6555845216
-56.1213142728693,-21.4894576725908,1752.45747536941
-56.1215924655263,-21.4885173483974,1752.25936621722
-56.1218706546094,-21.4875770236352,1752.06125706502
-56.1221488401188,-21.4866366983042,1751.86314791283
-56.1224270220547,-21.4856963724045,1751.66503876064
-56.1227052004174,-21.484756045936,1751.46692960845
-56.122983375207,-21.4838157188989,1751.26882045625
-56.1232615464238,-21.4828753912931,1751.07071130406
-56.123539714068,-21.4819350631186,1750.87260215187
-56.1238178781398,-21.4809947343756,1750.67449299968
-56.1240960386394,-21.480054405064,1750.47638384748
-56.124374195567,-21.4791140751839,1750.27827469529
-56.1246523489229,-21.4781737447353,1750.0801655431
-56.1249304987073,-21.4772334137182,1749.88205639091
-56.1252086449203,-21.4762930821327,1749.68394723871
-56.1254867875623,-21.4753527499788,1749.48583808652
-56.1257649266334,-21.4744124172565,1749.28772893433
-56.1260430621338,-21.4734720839658,1749.08961978214
-56.1263211940637,-21.4725317501069,1748.89151062994
-56.1265993224234,-21.4715914156797,1748.69340147775
-56.1268774472131,-21.4706510806842,1748.49529232556
-56.127155568433,-21.4697107451205,1748.29718317337
-56.1274336860833,-21.4687704089887,1748.09907402117
-56.1277118001642,-21.4678300722887,1747.90096486898
-56.127989910676,-21.4668897350206,1747.70285571679
-56.1282680176188,-21.4659493971844,1747.5047465646
-56.1285461209929,-21.4650090587801,1747.3066374124
-56.1288242207985,-21.4640687198078,1747.10852826021
-56.1291023170358,-21.4631283802675,1746.91041910802
-56.129380409705,-21.4621880401593,1746.71230995583
-56.1301170215856,-21.4617609023312,1729.3986378557
-56.1311592968928,-21.4617697109836,1704.32561390176
-56.1322015723024,-21.461778513142,1679.25258994783
-56.133243847837,-21.4617873088065,1654.17956599389
-56.1342861234967,-21.4617960979771,1629.10654203995
-56.1353283992813,-21.461804880654,1604.03351808601
-56.1363706751908,-21.4618136568369,1578.96049413207
-56.1374129512251,-21.461822426526,1553.88747017814
-56.138455227384,-21.4618311897212,1528.8144462242
-56.1394975036674,-21.4618399464226,1503.74142227026
-56.1405397800754,-21.4618486966301,1478.66839831632
-56.1415820566077,-21.4618574403437,1453.59537436238
-56.1426243332643,-21.4618661775635,1428.52235040845
-56.1436666100451,-21.4618749082893,1403.44932645451
-56.1447088869501,-21.4618836325213,1378.37630250057
-56.145751163979,-21.4618923502594,1353.30327854663
-56.1467934411319,-21.4619010615036,1328.23025459269
-56.1478357184086,-21.4619097662539,1303.15723063876
-56.148877995809,-21.4619184645103,1278.08420668482
-56.1499202733331,-21.4619271562728,1253.01118273088
-56.1509625509807,-21.4619358415414,1227.93815877694
-56.1520048287518,-21.4619445203161,1202.865134823
-56.1530471066463,-21.4619531925968,1177.79211086907
-56.1540893846641,-21.4619618583837,1152.71908691513
-56.1551859520458,-21.4619863890211,1138.17410750365
-56.1563358866244,-21.4621408970084,1136.70254107931
-56.157451218116,-21.4624451379002,1135.23097465496
-56.1585098130883,-21.4628930741847,1133.75940823062
-56.1594906635242,-21.4634758167184,1132.28784180628
-56.1603743035884,-21.4641818010545,1130.81627538193
-56.1611431958537,-21.4649970168492,1129.34470895759
-56.1617820793288,-21.4659052858015,1127.87314253325
-56.1622782723849,-21.4668885826211,1126.4015761089
-56.1626219245665,-21.467927392664,1124.93000968456
-56.1628062122787,-21.4690010991464,1123.45844326022
-56.1628274744529,-21.4700883922616,1121.98687683587
-56.1626852854808,-21.4711676920836,1120.51531041153
-56.1623824639467,-21.4722175768685,1119.04374398719
-56.1619250169622,-21.4732172082536,1117.57217756285
-56.1613220211876,-21.4741467449109,1116.1006111385
-56.16058544288,-21.474987736442,1114.62904471416
-56.1597299005256,-21.4757234896879,1113.15747828982
-56.1587723747563,-21.4763394001735,1111.68591186547
-56.1577318713038,-21.4768232421008,1110.21434544113
-56.1566290436818,-21.4771654111212,1108.74277901679
-56.1554857830944,-21.4773591150627,1107.27121259244
-56.1543252668944,-21.4774238435513,1105.7996461681
-56.1531636580116,-21.4774731699515,1104.32807974376
-56.152002048378,-21.4775224882794,1102.85651331941
-56.1508404379622,-21.4775717985363,1101.38494689507
-56.1496788267644,-21.4776211007221,1099.91338047073
-56.1485172147846,-21.4776703948369,1098.44181404639
-56.147355602023,-21.4777196808805,1096.97024762204
-56.1461939884797,-21.4777689588531,1095.4986811977
-56.1450323741548,-21.4778182287545,1094.02711477336
-56.1438707590485,-21.4778674905847,1092.55554834901
-56.1427091431609,-21.4779167443437,1091.08398192467
-56.1415475264921,-21.4779659900314,1089.61241550033
-56.1403859090423,-21.478015227648,1088.14084907598
-56.1392242908115,-21.4780644571932,1086.66928265164
-56.1380626718,-21.4781136786672,1085.1977162273
-56.1369010520077,-21.4781628920698,1083.72614980295
-56.1357394314349,-21.478212097401,1082.25458337861
-56.1345778100816,-21.4782612946609,1080.78301695427
-56.1334161879481,-21.4783104838494,1079.31145052992
-56.1322545650344,-21.4783596649664,1077.83988410558
-56.1310929413406,-21.478408838012,1076.36831768124
-56.1299313168669,-21.4784580029861,1074.8967512569
-56.1287696916133,-21.4785071598887,1073.42518483255
-56.1276080655802,-21.4785563087197,1071.95361840821
-56.1264464387674,-21.4786054494792,1070.48205198387
-56.1252848111752,-21.4786545821671,1069.01048555952
-56.1241231828038,-21.4787037067834,1067.53891913518
-56.1229615536531,-21.4787528233281,1066.06735271084
-56.1217999237234,-21.4788019318011,1064.59578628649
-56.1206382930148,-21.4788510322024,1063.12421986215
-56.1194766615274,-21.478900124532,1061.65265343781
-56.1183150292613,-21.4789492087898,1060.18108701346
-56.1171533962167,-21.4789982849759,1058.70952058912
-56.1159917623936,-21.4790473530902,1057.23795416478
-56.1148301277923,-21.4790964131327,1055.76638774043
-56.1136684924127,-21.4791454651034,1054.29482131609
-56.1125068562552,-21.4791945090021,1052.82325489175
-56.1113452193197,-21.479243544829,1051.35168846741
-56.1101835816064,-21.479292572584,1049.88012204306
-56.1090219431154,-21.479341592267,1048.40855561872
-56.1078603038469,-21.4793906038781,1046.93698919438
-56.106698663801,-21.4794396074171,1045.46542277003
-56.1055370229778,-21.4794886028842,1043.99385634569
-56.1043753813775,-21.4795375902792,1042.52228992135
-56.103213739,-21.4795865696021,1041.050723497
-56.1020520958457,-21.4796355408529,1039.57915707266
-56.1008904519146,-21.4796845040316,1038.10759064832
-56.0997288072068,-21.4797334591382,1036.63602422397
-56.0985671617225,-21.4797824061726,1035.16445779963
-56.0974055154618,-21.4798313451348,1033.69289137529
-56.0962438684248,-21.4798802760247,1032.22132495095
-56.0950822206116,-21.4799291988425,1030.7497585266
-56.0939205720224,-21.4799781135879,1029.27819210226
-56.0927589226573,-21.480027020261,1027.80662567792
-56.0915972725164,-21.4800759188618,1026.33505925357
-56.0904356215998,-21.4801248093903,1024.86349282923
-56.0892739699077,-21.4801736918464,1023.39192640489
-56.0881123174402,-21.4802225662301,1021.92035998054
-56.0869506641974,-21.4802714325413,1020.4487935562
-56.0857890101794,-21.4803202907801,1018.97722713186
-56.0846273553865,-21.4803691409465,1017.50566070751
-56.0834656998186,-21.4804179830403,1016.03409428317
-56.0823040434759,-21.4804668170616,1014.56252785883
-56.0811423863586,-21.4805156430103,1013.09096143448
-56.0799807284668,-21.4805644608865,1011.61939501014
-56.0788190698005,-21.4806132706901,1010.1478285858
-56.07765741036,-21.480662072421,1008.67626216146
-56.0764957501453,-21.4807108660793,1007.20469573711
-56.0753340891566,-21.4807596516648,1005.73312931277
-56.074172427394,-21.4808084291777,1004.26156288843
-56.0730107648576,-21.4808571986179,1002.78999646408
-56.0718491015476,-21.4809059599853,1001.31843003974
-56.070687437464,-21.4809547132799,999.846863615397
-56.0695257726071,-21.4810034585017,998.375297191054
-56.0683641069769,-21.4810521956506,996.90373076671
-56.0672024405735,-21.4811009247267,995.432164342367
-56.0660407733971,-21.48114964573,993.960597918024
-56.0648791054478,-21.4811983586603,992.489031493681
-56.0637174367258,-21.4812470635176,991.017465069338
-56.0625557672311,-21.4812957603021,989.545898644995
-56.0613940969639,-21.4813444490135,988.074332220652
-56.0602324259242,-21.4813931296519,986.602765796309
-56.0590707541124,-21.4814418022173,985.131199371965
-56.0579090815283,-21.4814904667096,983.659632947622
-56.0567474081723,-21.4815391231288,982.188066523279
-56.0555857340444,-21.481587771475,980.716500098936
-56.0544240591447,-21.481636411748,979.244933674593
-56.0532623834734,-21.4816850439478,977.77336725025
-56.0521007070305,-21.4817336680744,976.301800825907
-56.0509390298163,-21.4817822841278,974.830234401564
-56.0497773518308,-21.481830892108,973.358667977221
-56.0486156730742,-21.4818794920149,971.887101552877
-56.0474539935465,-21.4819280838485,970.415535128534
-56.046292313248,-21.4819766676088,968.943968704191
-56.0451306321787,-21.4820252432958,967.472402279848
-56.0439689503388,-21.4820738109094,966.000835855505
-56.0428072677284,-21.4821223704496,964.529269431162
-56.0416455843475,-21.4821709219164,963.057703006819
-56.0404839001965,-21.4822194653098,961.586136582476
-56.0393222152753,-21.4822680006297,960.114570158133
-56.0381605295841,-21.482316527876,958.643003733789
-56.036998843123,-21.4823650470489,957.171437309446
-56.0358371558922,-21.4824135581483,955.699870885103
-56.0346754678917,-21.482462061174,954.22830446076
-56.0335137791217,-21.4825105561262,952.756738036417
-56.0323520895824,-21.4825590430048,951.285171612074
-56.0311903992738,-21.4826075218097,949.813605187731
-56.0300287081961,-21.4826559925409,948.342038763388
-56.0288670163493,-21.4827044551985,946.870472339045
-56.0277053237337,-21.4827529097823,945.398905914701
-56.0265436303494,-21.4828013562924,943.927339490358
-56.0253819361964,-21.4828497947287,942.455773066015
-56.0242202412749,-21.4828982250912,940.984206641672
-56.0230585455851,-21.4829466473799,939.512640217329
-56.021896849127,-21.4829950615948,938.041073792986
-56.0207351519008,-21.4830434677358,936.569507368643
-56.0195734539066,-21.4830918658028,935.0979409443
-56.0184117551445,-21.483140255796,933.626374519957
-56.0172500556147,-21.4831886377152,932.154808095613
-56.0160883553173,-21.4832370115605,930.68324167127
-56.0149266542524,-21.4832853773317,929.211675246927
-56.0137649524201,-21.483333735029,927.740108822584
-56.0126032498206,-21.4833820846522,926.268542398241
-56.0114415464539,-21.4834304262013,924.796975973898
-56.0102798423203,-21.4834787596763,923.325409549555
-56.0091181374198,-21.4835270850772,921.853843125212
-56.0079564317526,-21.4835754024039,920.382276700868
-56.0067947253187,-21.4836237116565,918.910710276525
-56.0056330181184,-21.4836720128349,917.439143852182
-56.0044713101517,-21.483720305939,915.967577427839
-56.0033096014188,-21.4837685909689,914.496011003496
-56.0021478919197,-21.4838168679246,913.024444579153
-56.0009861816547,-21.4838651368059,911.55287815481
-55.9998244706238,-21.4839133976129,910.081311730467
-55.9986627588272,-21.4839616503456,908.609745306124
-55.997501046265,-21.4840098950039,907.138178881781
-55.9963393329373,-21.4840581315878,905.666612457437
-55.9951776188443,-21.4841063600972,904.195046033094
-55.994015903986,-21.4841545805323,902.723479608751
-55.9928541883626,-21.4842027928928,901.251913184408
-55.9916924719742,-21.4842509971788,899.780346760065
-55.990530754821,-21.4842991933904,898.308780335722
-55.9893690369031,-21.4843473815273,896.837213911379
-55.9882073182205,-21.4843955615897,895.365647487036
-55.9870455987735,-21.4844437335775,893.894081062693
-55.9858838785622,-21.4844918974907,892.422514638349
-55.9847221575866,-21.4845400533292,890.950948214006
-55.9835604358469,-21.4845882010931,889.479381789663
-55.9823987133433,-21.4846363407822,888.00781536532
-55.9812369900758,-21.4846844723966,886.536248940977
-55.9800752660445,-21.4847325959363,885.064682516634
-55.9789135412497,-21.4847807114012,883.593116092291
-55.9777518156914,-21.4848288187913,882.121549667948
-55.9765900893698,-21.4848769181066,880.649983243605
-55.975428362285,-21.484925009347,879.178416819261
-55.974266634437,-21.4849730925125,877.706850394918
-55.9731049058261,-21.4850211676032,876.235283970575
-55.9719431764524,-21.4850692346189,874.763717546232
-55.9707814463159,-21.4851172935597,873.292151121889
-55.9696197154169,-21.4851653444255,871.820584697546
-55.9684579837554,-21.4852133872163,870.349018273203
-55.9672962513315,-21.4852614219321,868.87745184886
-55.9661345181455,-21.4853094485728,867.405885424516
-55.9649727841974,-21.4853574671384,865.934319000173
-55.9638110494873,-21.485405477629,864.46275257583
-55.9626493140153,-21.4854534800444,862.991186151487
-55.9614875777817,-21.4855014743846,861.519619727144
-55.9603258407865,-21.4855494606497,860.048053302801
-55.9591641030298,-21.4855974388396,858.576486878458
-55.9580023645118,-21.4856454089543,857.104920454115
-55.9568406252326,-21.4856933709937,855.633354029772
-55.9556788851923,-21.4857413249579,854.161787605428
-55.954517144391,-21.4857892708467,852.690221181085
-55.9533554028289,-21.4858372086602,851.218654756742
-55.9521936605062,-21.4858851383984,849.747088332399
-55.9510319174228,-21.4859330600612,848.275521908056
-55.949870173579,-21.4859809736486,846.803955483713
-55.9487084289749,-21.4860288791605,845.33238905937
-55.9475466836106,-21.4860767765971,843.860822635027
-55.9463849374862,-21.4861246659581,842.389256210684
-55.9452231906018,-21.4861725472436,840.91768978634
-55.9440614429577,-21.4862204204537,839.446123361997
-55.9428996945538,-21.4862682855881,837.974556937654
-55.9417379453904,-21.486316142647,836.502990513311
-55.9405761954675,-21.4863639916303,835.031424088968
-55.9394144447853,-21.486411832538,833.559857664625
-55.9382526933439,-21.48645966537,832.088291240282
-55.9370909411435,-21.4865074901264,830.616724815939
-55.9359291881841,-21.486555306807,829.145158391596
-55.9347674344659,-21.4866031154119,827.673591967252
-55.933605679989,-21.4866509159411,826.202025542909
-55.9324439247535,-21.4866987083945,824.730459118566
-55.9312821687596,-21.4867464927721,823.258892694223
-55.9301204120074,-21.4867942690739,821.78732626988
-55.928958654497,-21.4868420372998,820.315759845537
-55.9277968962286,-21.4868897974499,818.844193421194
-55.9266351372022,-21.486937549524,817.372626996851
-55.925473377418,-21.4869852935223,815.901060572508
-55.9243116168761,-21.4870330294446,814.429494148164
-55.9231498555767,-21.4870807572909,812.957927723821
-55.9219880935198,-21.4871284770612,811.486361299478
-55.9208263307057,-21.4871761887555,810.014794875135
-55.9196645671343,-21.4872238923737,808.543228450792
-55.9185028028059,-21.4872715879159,807.071662026449
-55.9173410377206,-21.487319275382,805.600095602106
-55.9161792718784,-21.487366954772,804.128529177763
-55.9150175052796,-21.4874146260858,802.65696275342
-55.9138557379243,-21.4874622893234,801.185396329076
-55.9126939698125,-21.4875099444848,799.713829904733
-55.9115322009444,-21.4875575915701,798.24226348039
-55.9103704313202,-21.487605230579,796.770697056047
-55.9092086609399,-21.4876528615118,795.299130631704
-55.9080468898037,-21.4877004843682,793.827564207361
-55.9068851179116,-21.4877480991483,792.355997783018
-55.905723345264,-21.487795705852,790.884431358675
-55.9045615718607,-21.4878433044794,789.412864934332
-55.9033997977021,-21.4878908950304,787.941298509988
-55.9022380227882,-21.4879384775049,786.469732085645
-55.9010762471191,-21.487986051903,784.998165661302
-55.8999144706949,-21.4880336182247,783.526599236959
-55.8987526935159,-21.4880811764698,782.055032812616
-55.897590915582,-21.4881287266385,780.583466388273
-55.8964291368935,-21.4881762687306,779.11189996393
-55.8952673574505,-21.4882238027461,777.640333539587
-55.894105577253,-21.488271328685,776.168767115244
-55.8929437963013,-21.4883188465474,774.6972006909
-55.8917820145954,-21.488366356333,773.225634266557
-55.8906202321355,-21.488413858042,771.754067842214
-55.8894584489216,-21.4884613516743,770.282501417871
-55.888296664954,-21.4885088372299,768.810934993528
-55.8871348802328,-21.4885563147088,767.339368569185
-55.885973094758,-21.4886037841109,765.867802144842
-55.8848113085298,-21.4886512454362,764.396235720499
-55.8836495215483,-21.4886986986847,762.924669296155
-55.8824877338136,-21.4887461438563,761.453102871812
-55.881325945326,-21.4887935809511,759.981536447469
-55.8801641560854,-21.488841009969,758.509970023126
-55.8790023660921,-21.48888843091,757.038403598783
-55.8778405753461,-21.488935843774,755.56683717444
-55.8766787838476,-21.4889832485611,754.095270750097
-55.8755169915967,-21.4890306452712,752.623704325754
-55.8743551985935,-21.4890780339043,751.152137901411
-55.8731934048382,-21.4891254144603,749.680571477067
-55.8720316103309,-21.4891727869393,748.209005052724
-55.8708698150717,-21.4892201513412,746.737438628381
-55.8697080190607,-21.4892675076659,745.265872204038
-55.8685462222981,-21.4893148559136,743.794305779695
-55.8673844247839,-21.4893621960841,742.322739355352
-55.8662226265184,-21.4894095281774,740.851172931009
-55.8650608275016,-21.4894568521934,739.379606506666
-55.8638990277336,-21.4895041681323,737.908040082323
-55.8627372272147,-21.4895514759939,736.436473657979
-55.8615754259448,-21.4895987757782,734.964907233636
-55.8604136239243,-21.4896460674852,733.493340809293
-55.859251821153,-21.4896933511149,732.02177438495
-55.8580900176313,-21.4897406266672,730.550207960607
-55.8569282133592,-21.4897878941421,729.078641536264
-55.8557664083368,-21.4898351535396,727.607075111921
-55.8546046025643,-21.4898824048597,726.135508687578
-55.8534427960418,-21.4899296481023,724.663942263235
-55.8522809887694,-21.4899768832675,723.192375838892
-55.8511191807473,-21.4900241103551,721.720809414548
-55.8499573719755,-21.4900713293652,720.249242990205
-55.8487955624542,-21.4901185402978,718.777676565862
-55.8476337521836,-21.4901657431528,717.306110141519
-55.8464719411637,-21.4902129379301,715.834543717176
-55.8453101293947,-21.4902601246299,714.362977292833
-55.8441483168767,-21.490307303252,712.89141086849
-55.8429865036098,-21.4903544737964,711.419844444147
-55.8418246895942,-21.4904016362631,709.948278019803
-55.8406628748299,-21.4904487906521,708.47671159546
-55.8395010593172,-21.4904959369633,707.005145171117
            </coordinates>
        </LineString>
    </Placemark>
    <Placemark>
        <name>FAZ PEJUÇARA</name>
        <visibility>1</visibility>
        <styleUrl>#EstiloWpt</styleUrl>
        <LookAt>
            <longitude>-55.3230555555556</longitude>
            <latitude>-21.4813333333333</latitude>
            <altitude>609.599999073408</altitude>
            <altitudeMode>absolute</altitudeMode>
            <heading>0</heading>
            <tilt>70</tilt>
            <range>1828.79999722022</range>
        </LookAt>
        <Point>
            <extrude>1</extrude>
            <altitudeMode>absolute</altitudeMode>
            <coordinates>-55.3230555555556,-21.4813333333333,609.599999073408</coordinates>
        </Point>
    </Placemark>
    <Placemark>
        <name>FAZ VOLTA GRANDE</name>
        <visibility>1</visibility>
        <styleUrl>#EstiloWpt</styleUrl>
        <LookAt>
            <longitude>-55.2361111111111</longitude>
            <latitude>-21.2211666666667</latitude>
            <altitude>609.599999073408</altitude>
            <altitudeMode>absolute</altitudeMode>
            <heading>0</heading>
            <tilt>70</tilt>
            <range>1828.79999722022</range>
        </LookAt>
        <Point>
            <extrude>1</extrude>
            <altitudeMode>absolute</altitudeMode>
            <coordinates>-55.2361111111111,-21.2211666666667,609.599999073408</coordinates>
        </Point>
    </Placemark>
    <Placemark>
        <name>CORREDOR</name>
        <visibility>1</visibility>
        <styleUrl>#EstiloWpt</styleUrl>
        <LookAt>
            <longitude>-55.1078796272271</longitude>
            <latitude>-20.8251709382627</latitude>
            <altitude>609.599999073408</altitude>
            <altitudeMode>absolute</altitudeMode>
            <heading>0</heading>
            <tilt>70</tilt>
            <range>1828.79999722022</range>
        </LookAt>
        <Point>
            <extrude>1</extrude>
            <altitudeMode>absolute</altitudeMode>
            <coordinates>-55.1078796272271,-20.8251709382627,609.599999073408</coordinates>
        </Point>
    </Placemark>
    <Placemark>
        <name>GATE C</name>
        <visibility>1</visibility>
        <styleUrl>#EstiloWpt</styleUrl>
        <LookAt>
            <longitude>-54.8928202684567</longitude>
            <latitude>-20.7337871266448</latitude>
            <altitude>609.599999073408</altitude>
            <altitudeMode>absolute</altitudeMode>
            <heading>0</heading>
            <tilt>70</tilt>
            <range>1828.79999722022</range>
        </LookAt>
        <Point>
            <extrude>1</extrude>
            <altitudeMode>absolute</altitudeMode>
            <coordinates>-54.8928202684567,-20.7337871266448,609.599999073408</coordinates>
        </Point>
    </Placemark>
    <Placemark>
        <name>SBCG</name>
        <visibility>1</visibility>
        <styleUrl>#EstiloWpt</styleUrl>
        <LookAt>
            <longitude>-54.6734020019446</longitude>
            <latitude>-20.4703498734532</latitude>
            <altitude>556.328785091538</altitude>
            <altitudeMode>absolute</altitudeMode>
            <heading>0</heading>
            <tilt>70</tilt>
            <range>1668.98635527461</range>
        </LookAt>
        <Point>
            <extrude>1</extrude>
            <altitudeMode>absolute</altitudeMode>
            <coordinates>-54.6734020019446,-20.4703498734532,556.328785091538</coordinates>
        </Point>
    </Placemark>
    <Placemark>
        <name>Referência</name>
        <visibility>1</visibility>
        <styleUrl>#EstiloPtRef</styleUrl>
        <LookAt>
            <longitude>-55.301735799063</longitude>
            <latitude>-19.3677510855712</latitude>
            <altitude>1678.21407481254</altitude>
            <altitudeMode>absolute</altitudeMode>
            <heading>0</heading>
            <tilt>70</tilt>
            <range>5034.64222443762</range>
        </LookAt>
        <Point>
            <extrude>1</extrude>
            <altitudeMode>absolute</altitudeMode>
            <coordinates>-55.301735799063,-19.3677510855712,1678.21407481254</coordinates>
        </Point>
    </Placemark>
</Document>
</kml>
